#
# There is insufficient memory for the Java Runtime Environment to continue.
# Native memory allocation (malloc) failed to allocate 4575192 bytes. Error detail: Chunk::new
# Possible reasons:
#   The system is out of physical RAM or swap space
#   This process is running with CompressedOops enabled, and the Java Heap may be blocking the growth of the native heap
# Possible solutions:
#   Reduce memory load on the system
#   Increase physical memory or swap space
#   Check if swap backing store is full
#   Decrease Java heap size (-Xmx/-Xms)
#   Decrease number of Java threads
#   Decrease Java thread stack sizes (-Xss)
#   Set larger code cache with -XX:ReservedCodeCacheSize=
#   JVM is running with Unscaled Compressed Oops mode in which the Java heap is
#     placed in the first 4GB address space. The Java Heap base address is the
#     maximum limit for the native heap growth. Please use -XX:HeapBaseMinAddress
#     to set the Java Heap base and to place the Java Heap above 4GB virtual address.
# This output file may be truncated or incomplete.
#
#  Out of Memory Error (arena.cpp:186), pid=32432, tid=3740
#
# JRE version: Java(TM) SE Runtime Environment (25.0.2+10) (build 25.0.2+10-LTS-69)
# Java VM: Java HotSpot(TM) 64-Bit Server VM (25.0.2+10-LTS-69, mixed mode, sharing, tiered, compressed oops, compressed class ptrs, g1 gc, windows-amd64)
# No core dump will be written. Minidumps are not enabled by default on client versions of Windows
#

---------------  S U M M A R Y ------------

Command Line: --add-opens=java.base/java.lang=ALL-UNNAMED --add-opens=java.base/java.lang.invoke=ALL-UNNAMED --add-opens=java.base/java.util=ALL-UNNAMED --add-opens=java.prefs/java.util.prefs=ALL-UNNAMED --add-exports=jdk.compiler/com.sun.tools.javac.api=ALL-UNNAMED --add-exports=jdk.compiler/com.sun.tools.javac.util=ALL-UNNAMED --add-opens=java.base/java.util=ALL-UNNAMED --add-opens=java.prefs/java.util.prefs=ALL-UNNAMED --add-opens=java.base/java.nio.charset=ALL-UNNAMED --add-opens=java.base/java.net=ALL-UNNAMED --add-opens=java.base/java.util.concurrent=ALL-UNNAMED --add-opens=java.base/java.util.concurrent.atomic=ALL-UNNAMED --add-opens=java.xml/javax.xml.namespace=ALL-UNNAMED --add-opens=java.base/java.time=ALL-UNNAMED --enable-native-access=ALL-UNNAMED -Xmx2G -Dfile.encoding=UTF-8 -Duser.country=TR -Duser.language=tr -Duser.variant -javaagent:C:\Users\me358\AppData\Local\Temp\cursor-sandbox-cache\72e63107af1cb1a1818f7e56a85a6570\gradle\wrapper\dists\gradle-9.4.1-bin\arn2x92ynaizyzdaamcbpbhtj\gradle-9.4.1\lib\agents\gradle-instrumentation-agent-9.4.1.jar org.gradle.launcher.daemon.bootstrap.GradleDaemon 9.4.1

Host: AMD Ryzen 5 5600 6-Core Processor              , 12 cores, 7G,  Windows 11 , 64 bit Build 26100 (10.0.26100.8521)
Time: Thu Jun  4 18:09:17 2026 Türkiye Standart Saati elapsed time: 287.007491 seconds (0d 0h 4m 47s)

---------------  T H R E A D  ---------------

Current thread (0x00000203d258b3d0):  JavaThread "C2 CompilerThread0" daemon [_thread_in_native, id=3740, stack(0x000000f7b4e00000,0x000000f7b4f00000) (1024K)]


Current CompileTask:
C2:287008 18827   !   4       com.sun.tools.javac.comp.Attr::checkMethod (912 bytes)

Stack: [0x000000f7b4e00000,0x000000f7b4f00000]
Native frames: (J=compiled Java code, j=interpreted, Vv=VM code, C=native code)
V  [jvm.dll+0x7a70f9]  (no source info available)
V  [jvm.dll+0x772d6d]  (no source info available)
V  [jvm.dll+0x965d53]  (no source info available)
V  [jvm.dll+0x968351]  (no source info available)
V  [jvm.dll+0x968a63]  (no source info available)
V  [jvm.dll+0x2fc846]  (no source info available)
V  [jvm.dll+0x111b16]  (no source info available)
V  [jvm.dll+0x111e3e]  (no source info available)
V  [jvm.dll+0x1a0872]  (no source info available)
V  [jvm.dll+0x3b54c2]  (no source info available)
V  [jvm.dll+0x7aca8f]  (no source info available)
V  [jvm.dll+0x2c0b97]  (no source info available)
V  [jvm.dll+0x2bfb5f]  (no source info available)
V  [jvm.dll+0x2379a0]  (no source info available)
V  [jvm.dll+0x2cfc86]  (no source info available)
V  [jvm.dll+0x2cdf05]  (no source info available)
V  [jvm.dll+0x48e9d1]  (no source info available)
V  [jvm.dll+0x906fcd]  (no source info available)
V  [jvm.dll+0x7a56d5]  (no source info available)
C  [ucrtbase.dll+0x2cd30]  (no source info available)
C  [KERNEL32.DLL+0x2e957]  (no source info available)
C  [ntdll.dll+0x87c1c]  (no source info available)

Lock stack of current Java thread (top to bottom):


---------------  P R O C E S S  ---------------

Threads class SMR info:
_java_thread_list=0x00000203dd3de4b0, length=90, elements={
0x00000203b578a2f0, 0x00000203d2552050, 0x00000203d2552ab0, 0x00000203d2553f20,
0x00000203d2555b90, 0x00000203d2560770, 0x00000203d25811a0, 0x00000203d258b3d0,
0x00000203d258dbf0, 0x00000203d2c763a0, 0x00000203d2d547a0, 0x00000203d8f59020,
0x00000203d90e4e90, 0x00000203d90cd740, 0x00000203d91561f0, 0x00000203d9155250,
0x00000203d92e6ff0, 0x00000203d9f4a210, 0x00000203d9f4c920, 0x00000203d9f49270,
0x00000203d9c687f0, 0x00000203d9c69790, 0x00000203d9c60fa0, 0x00000203db32ebe0,
0x00000203db32bd00, 0x00000203db32d470, 0x00000203db32e410, 0x00000203d7b08aa0,
0x00000203db8b35f0, 0x00000203db8b2e20, 0x00000203db8b4d60, 0x00000203db8b5530,
0x00000203db8b5d00, 0x00000203db8b8be0, 0x00000203db8b7470, 0x00000203db8b6ca0,
0x00000203db8bca60, 0x00000203db8b93b0, 0x00000203db8bd230, 0x00000203db8be1d0,
0x00000203db8bbac0, 0x00000203db8bf940, 0x00000203dd9aa920, 0x00000203dd9b0eb0,
0x00000203dd9b1680, 0x00000203dd9ae7a0, 0x00000203dd9b4d30, 0x00000203dd9b3d90,
0x00000203dd9b35c0, 0x00000203dd9b2df0, 0x00000203dd9b6c70, 0x00000203dd9b5cd0,
0x00000203d7b03c80, 0x00000203d7b04c20, 0x00000203d7b0b1b0, 0x00000203d7b0b980,
0x00000203d7b09270, 0x00000203d7b0f030, 0x00000203d7b0d0f0, 0x00000203d7b11740,
0x00000203d7b11f10, 0x00000203da2e7050, 0x00000203da2e87c0, 0x00000203da2eaed0,
0x00000203da2e7ff0, 0x00000203da2ec640, 0x00000203da2ece10, 0x00000203da2eddb0,
0x00000203d9150c00, 0x00000203d9151ba0, 0x00000203d9150430, 0x00000203d9152b40,
0x00000203d9152370, 0x00000203d9c62ee0, 0x00000203d9c60000, 0x00000203d9c64650,
0x00000203d9c655f0, 0x00000203d9c66590, 0x00000203db331ac0, 0x00000203db330350,
0x00000203db332a60, 0x00000203db333230, 0x00000203d9f482d0, 0x00000203d9f47b00,
0x00000203da54be70, 0x00000203da54c640, 0x00000203dbd4d8b0, 0x00000203dc4ec4f0,
0x00000203dc6e1d90, 0x00000203d7cc3c20
}

Java Threads: ( => current thread )
  0x00000203b578a2f0 JavaThread "main"                              [_thread_blocked, id=28472, stack(0x000000f7b4000000,0x000000f7b4100000) (1024K)]
  0x00000203d2552050 JavaThread "Reference Handler"          daemon [_thread_blocked, id=28636, stack(0x000000f7b4800000,0x000000f7b4900000) (1024K)]
  0x00000203d2552ab0 JavaThread "Finalizer"                  daemon [_thread_blocked, id=25680, stack(0x000000f7b4900000,0x000000f7b4a00000) (1024K)]
  0x00000203d2553f20 JavaThread "Signal Dispatcher"          daemon [_thread_blocked, id=24540, stack(0x000000f7b4a00000,0x000000f7b4b00000) (1024K)]
  0x00000203d2555b90 JavaThread "Attach Listener"            daemon [_thread_blocked, id=33632, stack(0x000000f7b4b00000,0x000000f7b4c00000) (1024K)]
  0x00000203d2560770 JavaThread "Service Thread"             daemon [_thread_blocked, id=24556, stack(0x000000f7b4c00000,0x000000f7b4d00000) (1024K)]
  0x00000203d25811a0 JavaThread "Monitor Deflation Thread"   daemon [_thread_blocked, id=26424, stack(0x000000f7b4d00000,0x000000f7b4e00000) (1024K)]
=>0x00000203d258b3d0 JavaThread "C2 CompilerThread0"         daemon [_thread_in_native, id=3740, stack(0x000000f7b4e00000,0x000000f7b4f00000) (1024K)]
  0x00000203d258dbf0 JavaThread "C1 CompilerThread0"         daemon [_thread_blocked, id=20860, stack(0x000000f7b4f00000,0x000000f7b5000000) (1024K)]
  0x00000203d2c763a0 JavaThread "Common-Cleaner"             daemon [_thread_blocked, id=20000, stack(0x000000f7b5000000,0x000000f7b5100000) (1024K)]
  0x00000203d2d547a0 JavaThread "Notification Thread"        daemon [_thread_blocked, id=22468, stack(0x000000f7b5100000,0x000000f7b5200000) (1024K)]
  0x00000203d8f59020 JavaThread "Daemon health stats"               [_thread_blocked, id=21204, stack(0x000000f7b5400000,0x000000f7b5500000) (1024K)]
  0x00000203d90e4e90 JavaThread "Incoming local TCP Connector on port 35430"        [_thread_in_native, id=8716, stack(0x000000f7b5500000,0x000000f7b5600000) (1024K)]
  0x00000203d90cd740 JavaThread "Daemon periodic checks"            [_thread_blocked, id=29396, stack(0x000000f7b5600000,0x000000f7b5700000) (1024K)]
  0x00000203d91561f0 JavaThread "Cache worker for journal cache (C:\Users\me358\AppData\Local\Temp\cursor-sandbox-cache\72e63107af1cb1a1818f7e56a85a6570\gradle\caches\journal-1)"        [_thread_blocked, id=13200, stack(0x000000f7b6300000,0x000000f7b6400000) (1024K)]
  0x00000203d9155250 JavaThread "File lock request listener"        [_thread_in_native, id=30776, stack(0x000000f7b6400000,0x000000f7b6500000) (1024K)]
  0x00000203d92e6ff0 JavaThread "Cache worker for file hash cache (C:\Users\me358\AppData\Local\Temp\cursor-sandbox-cache\72e63107af1cb1a1818f7e56a85a6570\gradle\caches\9.4.1\fileHashes)"        [_thread_blocked, id=22968, stack(0x000000f7b6500000,0x000000f7b6600000) (1024K)]
  0x00000203d9f4a210 JavaThread "File watcher server"        daemon [_thread_in_native, id=15624, stack(0x000000f7b6c00000,0x000000f7b6d00000) (1024K)]
  0x00000203d9f4c920 JavaThread "File watcher consumer"      daemon [_thread_blocked, id=30072, stack(0x000000f7b6d00000,0x000000f7b6e00000) (1024K)]
  0x00000203d9f49270 JavaThread "Cache worker for file content cache (C:\Users\me358\AppData\Local\Temp\cursor-sandbox-cache\72e63107af1cb1a1818f7e56a85a6570\gradle\caches\9.4.1\fileContent)"        [_thread_blocked, id=26124, stack(0x000000f7b6e00000,0x000000f7b6f00000) (1024K)]
  0x00000203d9c687f0 JavaThread "jar transforms"                    [_thread_blocked, id=19236, stack(0x000000f7b7200000,0x000000f7b7300000) (1024K)]
  0x00000203d9c69790 JavaThread "jar transforms Thread 2"           [_thread_blocked, id=7348, stack(0x000000f7b7300000,0x000000f7b7400000) (1024K)]
  0x00000203d9c60fa0 JavaThread "jar transforms Thread 3"           [_thread_blocked, id=9240, stack(0x000000f7b7400000,0x000000f7b7500000) (1024K)]
  0x00000203db32ebe0 JavaThread "Memory manager"                    [_thread_blocked, id=21320, stack(0x000000f7b8200000,0x000000f7b8300000) (1024K)]
  0x00000203db32bd00 JavaThread "jar transforms Thread 4"           [_thread_blocked, id=25604, stack(0x000000f7b8300000,0x000000f7b8400000) (1024K)]
  0x00000203db32d470 JavaThread "HttpClient-1-SelectorManager" daemon [_thread_in_native, id=20036, stack(0x000000f7b8100000,0x000000f7b8200000) (1024K)]
  0x00000203db32e410 JavaThread "VirtualThread-unblocker"    daemon [_thread_blocked, id=11396, stack(0x000000f7b8400000,0x000000f7b8500000) (1024K)]
  0x00000203d7b08aa0 JavaThread "Cache worker for Java compile cache (C:\Users\me358\AppData\Local\Temp\cursor-sandbox-cache\72e63107af1cb1a1818f7e56a85a6570\gradle\caches\9.4.1\javaCompile)"        [_thread_blocked, id=9828, stack(0x000000f7bab00000,0x000000f7bac00000) (1024K)]
  0x00000203db8b35f0 JavaThread "Daemon Thread 2"                   [_thread_blocked, id=19432, stack(0x000000f7b3e00000,0x000000f7b3f00000) (1024K)]
  0x00000203db8b2e20 JavaThread "Handler for socket connection from /127.0.0.1:35430 to /127.0.0.1:63354"        [_thread_in_native, id=24564, stack(0x000000f7b3f00000,0x000000f7b4000000) (1024K)]
  0x00000203db8b4d60 JavaThread "Cancel handler"                    [_thread_blocked, id=18076, stack(0x000000f7b5c00000,0x000000f7b5d00000) (1024K)]
  0x00000203db8b5530 JavaThread "Daemon worker Thread 2"            [_thread_blocked, id=23088, stack(0x000000f7b5d00000,0x000000f7b5e00000) (1024K)]
  0x00000203db8b5d00 JavaThread "Asynchronous log dispatcher for DefaultDaemonConnection: socket connection from /127.0.0.1:35430 to /127.0.0.1:63354"        [_thread_blocked, id=9080, stack(0x000000f7b5e00000,0x000000f7b5f00000) (1024K)]
  0x00000203db8b8be0 JavaThread "Stdin handler"                     [_thread_blocked, id=33620, stack(0x000000f7b5f00000,0x000000f7b6000000) (1024K)]
  0x00000203db8b7470 JavaThread "Daemon client event forwarder"        [_thread_blocked, id=7828, stack(0x000000f7b6000000,0x000000f7b6100000) (1024K)]
  0x00000203db8b6ca0 JavaThread "Cache worker for file hash cache (C:\mc-economy\.gradle\9.4.1\fileHashes)"        [_thread_blocked, id=20896, stack(0x000000f7b6100000,0x000000f7b6200000) (1024K)]
  0x00000203db8bca60 JavaThread "Cache worker for Build Output Cleanup Cache (C:\mc-economy\.gradle\buildOutputCleanup)"        [_thread_blocked, id=31060, stack(0x000000f7b6200000,0x000000f7b6300000) (1024K)]
  0x00000203db8b93b0 JavaThread "Cache worker for checksums cache (C:\mc-economy\.gradle\9.4.1\checksums)"        [_thread_blocked, id=24724, stack(0x000000f7b6a00000,0x000000f7b6b00000) (1024K)]
  0x00000203db8bd230 JavaThread "Cache worker for cache directory md-supplier (C:\Users\me358\AppData\Local\Temp\cursor-sandbox-cache\72e63107af1cb1a1818f7e56a85a6570\gradle\caches\9.4.1\md-supplier)"        [_thread_blocked, id=13356, stack(0x000000f7b6b00000,0x000000f7b6c00000) (1024K)]
  0x00000203db8be1d0 JavaThread "Cache worker for cache directory md-rule (C:\Users\me358\AppData\Local\Temp\cursor-sandbox-cache\72e63107af1cb1a1818f7e56a85a6570\gradle\caches\9.4.1\md-rule)"        [_thread_blocked, id=14908, stack(0x000000f7b6f00000,0x000000f7b7000000) (1024K)]
  0x00000203db8bbac0 JavaThread "Build operations"                  [_thread_blocked, id=14200, stack(0x000000f7b7100000,0x000000f7b7200000) (1024K)]
  0x00000203db8bf940 JavaThread "Build operations Thread 2"         [_thread_blocked, id=17984, stack(0x000000f7b7500000,0x000000f7b7600000) (1024K)]
  0x00000203dd9aa920 JavaThread "Build operations Thread 3"         [_thread_blocked, id=20432, stack(0x000000f7b7600000,0x000000f7b7700000) (1024K)]
  0x00000203dd9b0eb0 JavaThread "Build operations Thread 4"         [_thread_blocked, id=2132, stack(0x000000f7b7700000,0x000000f7b7800000) (1024K)]
  0x00000203dd9b1680 JavaThread "Build operations Thread 5"         [_thread_blocked, id=31492, stack(0x000000f7b7800000,0x000000f7b7900000) (1024K)]
  0x00000203dd9ae7a0 JavaThread "Build operations Thread 6"         [_thread_blocked, id=31016, stack(0x000000f7b7900000,0x000000f7b7a00000) (1024K)]
  0x00000203dd9b4d30 JavaThread "Build operations Thread 7"         [_thread_blocked, id=13128, stack(0x000000f7b7a00000,0x000000f7b7b00000) (1024K)]
  0x00000203dd9b3d90 JavaThread "Build operations Thread 8"         [_thread_blocked, id=17440, stack(0x000000f7b7b00000,0x000000f7b7c00000) (1024K)]
  0x00000203dd9b35c0 JavaThread "Build operations Thread 9"         [_thread_blocked, id=18460, stack(0x000000f7b7c00000,0x000000f7b7d00000) (1024K)]
  0x00000203dd9b2df0 JavaThread "Build operations Thread 10"        [_thread_blocked, id=29084, stack(0x000000f7b7d00000,0x000000f7b7e00000) (1024K)]
  0x00000203dd9b6c70 JavaThread "Build operations Thread 11"        [_thread_blocked, id=26784, stack(0x000000f7b7e00000,0x000000f7b7f00000) (1024K)]
  0x00000203dd9b5cd0 JavaThread "Build operations Thread 12"        [_thread_blocked, id=14096, stack(0x000000f7b7f00000,0x000000f7b8000000) (1024K)]
  0x00000203d7b03c80 JavaThread "ForkJoinPool-1-worker-13"   daemon [_thread_blocked, id=22952, stack(0x000000f7b8000000,0x000000f7b8100000) (1024K)]
  0x00000203d7b04c20 JavaThread "ForkJoinPool-1-worker-14"   daemon [_thread_blocked, id=30076, stack(0x000000f7b8500000,0x000000f7b8600000) (1024K)]
  0x00000203d7b0b1b0 JavaThread "ForkJoinPool-1-worker-15"   daemon [_thread_blocked, id=29020, stack(0x000000f7b8600000,0x000000f7b8700000) (1024K)]
  0x00000203d7b0b980 JavaThread "ForkJoinPool-1-worker-16"   daemon [_thread_blocked, id=22412, stack(0x000000f7b8700000,0x000000f7b8800000) (1024K)]
  0x00000203d7b09270 JavaThread "ForkJoinPool-1-worker-17"   daemon [_thread_blocked, id=25244, stack(0x000000f7b8800000,0x000000f7b8900000) (1024K)]
  0x00000203d7b0f030 JavaThread "ForkJoinPool-1-worker-18"   daemon [_thread_blocked, id=8048, stack(0x000000f7b8900000,0x000000f7b8a00000) (1024K)]
  0x00000203d7b0d0f0 JavaThread "ForkJoinPool-1-worker-19"   daemon [_thread_blocked, id=20152, stack(0x000000f7b8a00000,0x000000f7b8b00000) (1024K)]
  0x00000203d7b11740 JavaThread "ForkJoinPool-1-worker-20"   daemon [_thread_blocked, id=27412, stack(0x000000f7b8b00000,0x000000f7b8c00000) (1024K)]
  0x00000203d7b11f10 JavaThread "ForkJoinPool-1-worker-21"   daemon [_thread_blocked, id=17524, stack(0x000000f7b8c00000,0x000000f7b8d00000) (1024K)]
  0x00000203da2e7050 JavaThread "ForkJoinPool-1-worker-22"   daemon [_thread_blocked, id=24832, stack(0x000000f7b8d00000,0x000000f7b8e00000) (1024K)]
  0x00000203da2e87c0 JavaThread "ForkJoinPool-1-worker-23"   daemon [_thread_blocked, id=17516, stack(0x000000f7b8e00000,0x000000f7b8f00000) (1024K)]
  0x00000203da2eaed0 JavaThread "ForkJoinPool-1-worker-24"   daemon [_thread_blocked, id=19680, stack(0x000000f7b8f00000,0x000000f7b9000000) (1024K)]
  0x00000203da2e7ff0 JavaThread "ForkJoinPool.commonPool-worker-12" daemon [_thread_blocked, id=3088, stack(0x000000f7b7000000,0x000000f7b7100000) (1024K)]
  0x00000203da2ec640 JavaThread "ForkJoinPool.commonPool-worker-13" daemon [_thread_blocked, id=33616, stack(0x000000f7b9000000,0x000000f7b9100000) (1024K)]
  0x00000203da2ece10 JavaThread "ForkJoinPool.commonPool-worker-15" daemon [_thread_blocked, id=19508, stack(0x000000f7b9100000,0x000000f7b9200000) (1024K)]
  0x00000203da2eddb0 JavaThread "ForkJoinPool.commonPool-worker-14" daemon [_thread_blocked, id=26252, stack(0x000000f7b9200000,0x000000f7b9300000) (1024K)]
  0x00000203d9150c00 JavaThread "ForkJoinPool.commonPool-worker-16" daemon [_thread_blocked, id=9660, stack(0x000000f7b9300000,0x000000f7b9400000) (1024K)]
  0x00000203d9151ba0 JavaThread "ForkJoinPool.commonPool-worker-18" daemon [_thread_blocked, id=17908, stack(0x000000f7b9400000,0x000000f7b9500000) (1024K)]
  0x00000203d9150430 JavaThread "ForkJoinPool.commonPool-worker-17" daemon [_thread_blocked, id=22540, stack(0x000000f7b9500000,0x000000f7b9600000) (1024K)]
  0x00000203d9152b40 JavaThread "ForkJoinPool.commonPool-worker-19" daemon [_thread_blocked, id=9932, stack(0x000000f7b9600000,0x000000f7b9700000) (1024K)]
  0x00000203d9152370 JavaThread "ForkJoinPool.commonPool-worker-20" daemon [_thread_blocked, id=26384, stack(0x000000f7b9700000,0x000000f7b9800000) (1024K)]
  0x00000203d9c62ee0 JavaThread "ForkJoinPool.commonPool-worker-21" daemon [_thread_blocked, id=3868, stack(0x000000f7b9800000,0x000000f7b9900000) (1024K)]
  0x00000203d9c60000 JavaThread "ForkJoinPool.commonPool-worker-22" daemon [_thread_blocked, id=32416, stack(0x000000f7b9900000,0x000000f7b9a00000) (1024K)]
  0x00000203d9c64650 JavaThread "included builds"                   [_thread_blocked, id=29048, stack(0x000000f7b9a00000,0x000000f7b9b00000) (1024K)]
  0x00000203d9c655f0 JavaThread "Execution worker"                  [_thread_blocked, id=29680, stack(0x000000f7b9b00000,0x000000f7b9c00000) (1024K)]
  0x00000203d9c66590 JavaThread "Execution worker Thread 2"         [_thread_blocked, id=21480, stack(0x000000f7b9c00000,0x000000f7b9d00000) (1024K)]
  0x00000203db331ac0 JavaThread "Execution worker Thread 3"         [_thread_blocked, id=21776, stack(0x000000f7b9d00000,0x000000f7b9e00000) (1024K)]
  0x00000203db330350 JavaThread "Execution worker Thread 4"         [_thread_blocked, id=27420, stack(0x000000f7b9e00000,0x000000f7b9f00000) (1024K)]
  0x00000203db332a60 JavaThread "Execution worker Thread 5"         [_thread_blocked, id=30892, stack(0x000000f7b9f00000,0x000000f7ba000000) (1024K)]
  0x00000203db333230 JavaThread "Execution worker Thread 6"         [_thread_blocked, id=28356, stack(0x000000f7ba000000,0x000000f7ba100000) (1024K)]
  0x00000203d9f482d0 JavaThread "Execution worker Thread 7"         [_thread_blocked, id=6096, stack(0x000000f7ba100000,0x000000f7ba200000) (1024K)]
  0x00000203d9f47b00 JavaThread "Execution worker Thread 8"         [_thread_blocked, id=2608, stack(0x000000f7ba200000,0x000000f7ba300000) (1024K)]
  0x00000203da54be70 JavaThread "Execution worker Thread 9"         [_thread_blocked, id=18632, stack(0x000000f7ba300000,0x000000f7ba400000) (1024K)]
  0x00000203da54c640 JavaThread "Execution worker Thread 10"        [_thread_blocked, id=29184, stack(0x000000f7ba400000,0x000000f7ba500000) (1024K)]
  0x00000203dbd4d8b0 JavaThread "Execution worker Thread 11"        [_thread_blocked, id=18664, stack(0x000000f7ba500000,0x000000f7ba600000) (1024K)]
  0x00000203dc4ec4f0 JavaThread "Cache worker for execution history cache (C:\mc-economy\.gradle\9.4.1\executionHistory)"        [_thread_blocked, id=28768, stack(0x000000f7ba600000,0x000000f7ba700000) (1024K)]
  0x00000203dc6e1d90 JavaThread "C2 CompilerThread1"         daemon [_thread_blocked, id=17980, stack(0x000000f7b3d00000,0x000000f7b3e00000) (1024K)]
  0x00000203d7cc3c20 JavaThread "C2 CompilerThread2"         daemon [_thread_blocked, id=28180, stack(0x000000f7ba700000,0x000000f7ba800000) (1024K)]
Total: 90

Other Threads:
  0x00000203d253da30 VMThread "VM Thread"                           [id=6676, stack(0x000000f7b4700000,0x000000f7b4800000) (1024K)]
  0x00000203d2531640 WatcherThread "VM Periodic Task Thread"        [id=16600, stack(0x000000f7b4600000,0x000000f7b4700000) (1024K)]
  0x00000203b57e6b90 WorkerThread "GC Thread#0"                     [id=22108, stack(0x000000f7b4100000,0x000000f7b4200000) (1024K)]
  0x00000203d78e70f0 WorkerThread "GC Thread#1"                     [id=27544, stack(0x000000f7b5200000,0x000000f7b5300000) (1024K)]
  0x00000203d78e7930 WorkerThread "GC Thread#2"                     [id=18284, stack(0x000000f7b5300000,0x000000f7b5400000) (1024K)]
  0x00000203d905b950 WorkerThread "GC Thread#3"                     [id=19568, stack(0x000000f7b5700000,0x000000f7b5800000) (1024K)]
  0x00000203d914a4b0 WorkerThread "GC Thread#4"                     [id=22588, stack(0x000000f7b5800000,0x000000f7b5900000) (1024K)]
  0x00000203d91497c0 WorkerThread "GC Thread#5"                     [id=24500, stack(0x000000f7b5900000,0x000000f7b5a00000) (1024K)]
  0x00000203d914a060 WorkerThread "GC Thread#6"                     [id=528, stack(0x000000f7b5a00000,0x000000f7b5b00000) (1024K)]
  0x00000203d9146ca0 WorkerThread "GC Thread#7"                     [id=17188, stack(0x000000f7b5b00000,0x000000f7b5c00000) (1024K)]
  0x00000203d9148230 WorkerThread "GC Thread#8"                     [id=32812, stack(0x000000f7b6600000,0x000000f7b6700000) (1024K)]
  0x00000203d9147de0 WorkerThread "GC Thread#9"                     [id=21668, stack(0x000000f7b6700000,0x000000f7b6800000) (1024K)]
  0x00000203b5801b70 ConcurrentGCThread "G1 Main Marker"            [id=8968, stack(0x000000f7b4200000,0x000000f7b4300000) (1024K)]
  0x00000203b58042a0 WorkerThread "G1 Conc#0"                       [id=25332, stack(0x000000f7b4300000,0x000000f7b4400000) (1024K)]
  0x00000203d91470f0 WorkerThread "G1 Conc#1"                       [id=17060, stack(0x000000f7b6800000,0x000000f7b6900000) (1024K)]
  0x00000203d9149370 WorkerThread "G1 Conc#2"                       [id=27852, stack(0x000000f7b6900000,0x000000f7b6a00000) (1024K)]
  0x00000203b583e720 ConcurrentGCThread "G1 Refine#0"               [id=29980, stack(0x000000f7b4400000,0x000000f7b4500000) (1024K)]
  0x00000203d2407e70 ConcurrentGCThread "G1 Service"                [id=30108, stack(0x000000f7b4500000,0x000000f7b4600000) (1024K)]
Total: 18

Threads with active compile tasks:
C2 CompilerThread0  287357 18827   !   4       com.sun.tools.javac.comp.Attr::checkMethod (912 bytes)
C1 CompilerThread0  287357 18877       3       com.sun.tools.javac.comp.Todo::poll (5 bytes)
C2 CompilerThread1  287357 18875       4       com.sun.tools.javac.comp.DeferredAttr::attribSpeculative (23 bytes)
C2 CompilerThread2  287357 18870       4       com.sun.tools.javac.comp.InferenceContext::freeVarsIn (107 bytes)
Total: 4

VM state: at safepoint (normal execution)

VM Mutex/Monitor currently owned by a thread:  ([mutex/lock_event])
[0x00007ff94a5995e8] Threads_lock - owner thread: 0x00000203d253da30
[0x00007ff94a599768] Heap_lock - owner thread: 0x00000203b5801b70

Heap address: 0x0000000080000000, size: 2048 MB, Compressed Oops mode: 32-bit

CDS archive(s) mapped at: [0x0000000024000000-0x0000000024dd0000-0x0000000024dd0000), size 14483456, SharedBaseAddress: 0x0000000024000000, ArchiveRelocationMode: 1.
Compressed class space mapped at: 0x0000000025000000-0x0000000065000000, reserved size: 1073741824
UseCompressedClassPointers 1, UseCompactObjectHeaders 0
Narrow klass pointer bits 32, Max shift 3
Narrow klass base: 0x0000000024000000, Narrow klass shift: 0
Encoding Range: [0x0000000024000000 - 0x0000000124000000), (4294967296 bytes)
Klass Range:    [0x0000000024010000 - 0x0000000065000000), (1090453504 bytes)
Klass ID Range:  [65536 - 1090519033) (1090453497)
Protection zone: [0x0000000024000000 - 0x0000000024010000), (65536 bytes)

GC Precious Log:
 CardTable entry size: 512
 Card Set container configuration: InlinePtr #cards 5 size 8 Array Of Cards #cards 10 size 36 Howl #buckets 4 coarsen threshold 1843 Howl Bitmap #cards 512 size 80 coarsen threshold 460 Card regions per heap region 1 cards per card region 2048
 CPUs: 12 total, 12 available
 Memory: 8102M
 Large Page Support: Disabled
 NUMA Support: Disabled
 Compressed Oops: Enabled (32-bit)
 Heap Region Size: 1M
 Heap Min Capacity: 8M
 Heap Initial Capacity: 128M
 Heap Max Capacity: 2G
 Pre-touch: Disabled
 Parallel Workers: 10
 Concurrent Workers: 3
 Concurrent Refinement Workers: 10
 Periodic GC: Disabled

Heap:
 garbage-first heap   total reserved 2097152K, committed 413696K, used 254932K [0x0000000080000000, 0x0000000100000000)
  region size 1024K, 45 young (46080K), 4 survivors (4096K)

Heap Regions: E=young(eden), S=young(survivor), O=old, HS=humongous(starts), HC=humongous(continues), CS=collection set, F=free, TAMS=top-at-mark-start, PB=parsable bottom
|   0|0x0000000080000000, 0x0000000080100000, 0x0000000080100000|100%|HS|  |TAMS 0x0000000080100000| PB 0x0000000080000000| Complete |  0
|   1|0x0000000080100000, 0x0000000080200000, 0x0000000080200000|100%|HC|  |TAMS 0x0000000080200000| PB 0x0000000080100000| Complete |  0
|   2|0x0000000080200000, 0x0000000080300000, 0x0000000080300000|100%|HC|  |TAMS 0x0000000080300000| PB 0x0000000080200000| Complete |  0
|   3|0x0000000080300000, 0x0000000080400000, 0x0000000080400000|100%|HC|  |TAMS 0x0000000080400000| PB 0x0000000080300000| Complete |  0
|   4|0x0000000080400000, 0x0000000080500000, 0x0000000080500000|100%| O|  |TAMS 0x0000000080500000| PB 0x0000000080400000| Untracked |  0
|   5|0x0000000080500000, 0x0000000080600000, 0x0000000080600000|100%| O|  |TAMS 0x0000000080600000| PB 0x0000000080500000| Untracked |  0
|   6|0x0000000080600000, 0x0000000080700000, 0x0000000080700000|100%|HS|  |TAMS 0x0000000080700000| PB 0x0000000080600000| Complete |  0
|   7|0x0000000080700000, 0x0000000080800000, 0x0000000080800000|100%| O|  |TAMS 0x0000000080800000| PB 0x0000000080700000| Untracked |  0
|   8|0x0000000080800000, 0x0000000080900000, 0x0000000080900000|100%| O|  |TAMS 0x0000000080900000| PB 0x0000000080800000| Untracked |  0
|   9|0x0000000080900000, 0x0000000080a00000, 0x0000000080a00000|100%| O|  |TAMS 0x0000000080a00000| PB 0x0000000080900000| Untracked |  0
|  10|0x0000000080a00000, 0x0000000080b00000, 0x0000000080b00000|100%| O|  |TAMS 0x0000000080b00000| PB 0x0000000080a00000| Untracked |  0
|  11|0x0000000080b00000, 0x0000000080c00000, 0x0000000080c00000|100%| O|  |TAMS 0x0000000080c00000| PB 0x0000000080b00000| Untracked |  0
|  12|0x0000000080c00000, 0x0000000080d00000, 0x0000000080d00000|100%| O|  |TAMS 0x0000000080d00000| PB 0x0000000080c00000| Untracked |  0
|  13|0x0000000080d00000, 0x0000000080e00000, 0x0000000080e00000|100%| O|  |TAMS 0x0000000080e00000| PB 0x0000000080d00000| Untracked |  0
|  14|0x0000000080e00000, 0x0000000080f00000, 0x0000000080f00000|100%| O|  |TAMS 0x0000000080f00000| PB 0x0000000080e00000| Untracked |  0
|  15|0x0000000080f00000, 0x0000000081000000, 0x0000000081000000|100%| O|  |TAMS 0x0000000081000000| PB 0x0000000080f00000| Untracked |  0
|  16|0x0000000081000000, 0x0000000081100000, 0x0000000081100000|100%| O|  |TAMS 0x0000000081100000| PB 0x0000000081000000| Untracked |  0
|  17|0x0000000081100000, 0x0000000081200000, 0x0000000081200000|100%| O|  |TAMS 0x0000000081200000| PB 0x0000000081100000| Untracked |  0
|  18|0x0000000081200000, 0x0000000081300000, 0x0000000081300000|100%| O|  |TAMS 0x0000000081300000| PB 0x0000000081200000| Untracked |  0
|  19|0x0000000081300000, 0x0000000081400000, 0x0000000081400000|100%| O|  |TAMS 0x0000000081400000| PB 0x0000000081300000| Untracked |  0
|  20|0x0000000081400000, 0x0000000081500000, 0x0000000081500000|100%| O|  |TAMS 0x0000000081500000| PB 0x0000000081400000| Untracked |  0
|  21|0x0000000081500000, 0x0000000081600000, 0x0000000081600000|100%| O|  |TAMS 0x0000000081600000| PB 0x0000000081500000| Untracked |  0
|  22|0x0000000081600000, 0x0000000081700000, 0x0000000081700000|100%| O|  |TAMS 0x0000000081700000| PB 0x0000000081600000| Untracked |  0
|  23|0x0000000081700000, 0x0000000081800000, 0x0000000081800000|100%| O|  |TAMS 0x0000000081800000| PB 0x0000000081700000| Untracked |  0
|  24|0x0000000081800000, 0x0000000081900000, 0x0000000081900000|100%| O|  |TAMS 0x0000000081900000| PB 0x0000000081800000| Untracked |  0
|  25|0x0000000081900000, 0x0000000081a00000, 0x0000000081a00000|100%| O|  |TAMS 0x0000000081a00000| PB 0x0000000081900000| Untracked |  0
|  26|0x0000000081a00000, 0x0000000081b00000, 0x0000000081b00000|100%| O|  |TAMS 0x0000000081b00000| PB 0x0000000081a00000| Untracked |  0
|  27|0x0000000081b00000, 0x0000000081c00000, 0x0000000081c00000|100%| O|  |TAMS 0x0000000081c00000| PB 0x0000000081b00000| Untracked |  0
|  28|0x0000000081c00000, 0x0000000081d00000, 0x0000000081d00000|100%| O|  |TAMS 0x0000000081d00000| PB 0x0000000081c00000| Untracked |  0
|  29|0x0000000081d00000, 0x0000000081e00000, 0x0000000081e00000|100%| O|  |TAMS 0x0000000081e00000| PB 0x0000000081d00000| Untracked |  0
|  30|0x0000000081e00000, 0x0000000081f00000, 0x0000000081f00000|100%| O|  |TAMS 0x0000000081f00000| PB 0x0000000081e00000| Untracked |  0
|  31|0x0000000081f00000, 0x0000000082000000, 0x0000000082000000|100%| O|  |TAMS 0x0000000082000000| PB 0x0000000081f00000| Untracked |  0
|  32|0x0000000082000000, 0x0000000082100000, 0x0000000082100000|100%| O|  |TAMS 0x0000000082100000| PB 0x0000000082000000| Untracked |  0
|  33|0x0000000082100000, 0x0000000082200000, 0x0000000082200000|100%|HS|  |TAMS 0x0000000082200000| PB 0x0000000082100000| Complete |  0
|  34|0x0000000082200000, 0x0000000082300000, 0x0000000082300000|100%| O|  |TAMS 0x0000000082300000| PB 0x0000000082200000| Untracked |  0
|  35|0x0000000082300000, 0x0000000082400000, 0x0000000082400000|100%| O|  |TAMS 0x0000000082400000| PB 0x0000000082300000| Untracked |  0
|  36|0x0000000082400000, 0x0000000082500000, 0x0000000082500000|100%| O|  |TAMS 0x0000000082500000| PB 0x0000000082400000| Untracked |  0
|  37|0x0000000082500000, 0x0000000082600000, 0x0000000082600000|100%| O|  |TAMS 0x0000000082600000| PB 0x0000000082500000| Untracked |  0
|  38|0x0000000082600000, 0x0000000082700000, 0x0000000082700000|100%| O|  |TAMS 0x0000000082700000| PB 0x0000000082600000| Untracked |  0
|  39|0x0000000082700000, 0x0000000082800000, 0x0000000082800000|100%| O|  |TAMS 0x0000000082800000| PB 0x0000000082700000| Untracked |  0
|  40|0x0000000082800000, 0x0000000082900000, 0x0000000082900000|100%| O|  |TAMS 0x0000000082900000| PB 0x0000000082800000| Untracked |  0
|  41|0x0000000082900000, 0x0000000082a00000, 0x0000000082a00000|100%| O|  |TAMS 0x0000000082a00000| PB 0x0000000082900000| Untracked |  0
|  42|0x0000000082a00000, 0x0000000082b00000, 0x0000000082b00000|100%| O|  |TAMS 0x0000000082b00000| PB 0x0000000082a00000| Untracked |  0
|  43|0x0000000082b00000, 0x0000000082c00000, 0x0000000082c00000|100%| O|  |TAMS 0x0000000082c00000| PB 0x0000000082b00000| Untracked |  0
|  44|0x0000000082c00000, 0x0000000082d00000, 0x0000000082d00000|100%| O|  |TAMS 0x0000000082d00000| PB 0x0000000082c00000| Untracked |  0
|  45|0x0000000082d00000, 0x0000000082e00000, 0x0000000082e00000|100%| O|  |TAMS 0x0000000082e00000| PB 0x0000000082d00000| Untracked |  0
|  46|0x0000000082e00000, 0x0000000082f00000, 0x0000000082f00000|100%| O|  |TAMS 0x0000000082f00000| PB 0x0000000082e00000| Untracked |  0
|  47|0x0000000082f00000, 0x0000000083000000, 0x0000000083000000|100%| O|  |TAMS 0x0000000083000000| PB 0x0000000082f00000| Untracked |  0
|  48|0x0000000083000000, 0x0000000083100000, 0x0000000083100000|100%| O|  |TAMS 0x0000000083100000| PB 0x0000000083000000| Untracked |  0
|  49|0x0000000083100000, 0x0000000083200000, 0x0000000083200000|100%| O|  |TAMS 0x0000000083200000| PB 0x0000000083100000| Untracked |  0
|  50|0x0000000083200000, 0x0000000083300000, 0x0000000083300000|100%| O|  |TAMS 0x0000000083300000| PB 0x0000000083200000| Untracked |  0
|  51|0x0000000083300000, 0x0000000083400000, 0x0000000083400000|100%| O|  |TAMS 0x0000000083400000| PB 0x0000000083300000| Untracked |  0
|  52|0x0000000083400000, 0x0000000083500000, 0x0000000083500000|100%| O|  |TAMS 0x0000000083500000| PB 0x0000000083400000| Untracked |  0
|  53|0x0000000083500000, 0x0000000083600000, 0x0000000083600000|100%| O|  |TAMS 0x0000000083600000| PB 0x0000000083500000| Untracked |  0
|  54|0x0000000083600000, 0x0000000083700000, 0x0000000083700000|100%| O|  |TAMS 0x0000000083700000| PB 0x0000000083600000| Untracked |  0
|  55|0x0000000083700000, 0x0000000083800000, 0x0000000083800000|100%| O|  |TAMS 0x0000000083800000| PB 0x0000000083700000| Untracked |  0
|  56|0x0000000083800000, 0x0000000083900000, 0x0000000083900000|100%| O|  |TAMS 0x0000000083900000| PB 0x0000000083800000| Untracked |  0
|  57|0x0000000083900000, 0x0000000083a00000, 0x0000000083a00000|100%| O|  |TAMS 0x0000000083a00000| PB 0x0000000083900000| Untracked |  0
|  58|0x0000000083a00000, 0x0000000083b00000, 0x0000000083b00000|100%| O|  |TAMS 0x0000000083b00000| PB 0x0000000083a00000| Untracked |  0
|  59|0x0000000083b00000, 0x0000000083c00000, 0x0000000083c00000|100%| O|  |TAMS 0x0000000083c00000| PB 0x0000000083b00000| Untracked |  0
|  60|0x0000000083c00000, 0x0000000083d00000, 0x0000000083d00000|100%| O|  |TAMS 0x0000000083d00000| PB 0x0000000083c00000| Untracked |  0
|  61|0x0000000083d00000, 0x0000000083e00000, 0x0000000083e00000|100%| O|  |TAMS 0x0000000083e00000| PB 0x0000000083d00000| Untracked |  0
|  62|0x0000000083e00000, 0x0000000083f00000, 0x0000000083f00000|100%| O|  |TAMS 0x0000000083f00000| PB 0x0000000083e00000| Untracked |  0
|  63|0x0000000083f00000, 0x0000000084000000, 0x0000000084000000|100%| O|  |TAMS 0x0000000084000000| PB 0x0000000083f00000| Untracked |  0
|  64|0x0000000084000000, 0x0000000084100000, 0x0000000084100000|100%| O|  |TAMS 0x0000000084100000| PB 0x0000000084000000| Untracked |  0
|  65|0x0000000084100000, 0x0000000084200000, 0x0000000084200000|100%| O|  |TAMS 0x0000000084200000| PB 0x0000000084100000| Untracked |  0
|  66|0x0000000084200000, 0x0000000084300000, 0x0000000084300000|100%| O|  |TAMS 0x0000000084300000| PB 0x0000000084200000| Untracked |  0
|  67|0x0000000084300000, 0x0000000084400000, 0x0000000084400000|100%| O|  |TAMS 0x0000000084400000| PB 0x0000000084300000| Untracked |  0
|  68|0x0000000084400000, 0x0000000084500000, 0x0000000084500000|100%| O|  |TAMS 0x0000000084500000| PB 0x0000000084400000| Untracked |  0
|  69|0x0000000084500000, 0x0000000084600000, 0x0000000084600000|100%| O|  |TAMS 0x0000000084600000| PB 0x0000000084500000| Untracked |  0
|  70|0x0000000084600000, 0x0000000084700000, 0x0000000084700000|100%| O|  |TAMS 0x0000000084700000| PB 0x0000000084600000| Untracked |  0
|  71|0x0000000084700000, 0x0000000084800000, 0x0000000084800000|100%| O|  |TAMS 0x0000000084800000| PB 0x0000000084700000| Untracked |  0
|  72|0x0000000084800000, 0x0000000084900000, 0x0000000084900000|100%| O|  |TAMS 0x0000000084900000| PB 0x0000000084800000| Untracked |  0
|  73|0x0000000084900000, 0x0000000084a00000, 0x0000000084a00000|100%| O|  |TAMS 0x0000000084a00000| PB 0x0000000084900000| Untracked |  0
|  74|0x0000000084a00000, 0x0000000084b00000, 0x0000000084b00000|100%| O|  |TAMS 0x0000000084b00000| PB 0x0000000084a00000| Untracked |  0
|  75|0x0000000084b00000, 0x0000000084b00000, 0x0000000084c00000|  0%| F|  |TAMS 0x0000000084b00000| PB 0x0000000084b00000| Untracked |  0
|  76|0x0000000084c00000, 0x0000000084d00000, 0x0000000084d00000|100%| O|  |TAMS 0x0000000084d00000| PB 0x0000000084c00000| Untracked |  0
|  77|0x0000000084d00000, 0x0000000084e00000, 0x0000000084e00000|100%| O|  |TAMS 0x0000000084e00000| PB 0x0000000084d00000| Untracked |  0
|  78|0x0000000084e00000, 0x0000000084f00000, 0x0000000084f00000|100%|HS|  |TAMS 0x0000000084f00000| PB 0x0000000084e00000| Complete |  0
|  79|0x0000000084f00000, 0x0000000085000000, 0x0000000085000000|100%|HC|  |TAMS 0x0000000085000000| PB 0x0000000084f00000| Complete |  0
|  80|0x0000000085000000, 0x0000000085100000, 0x0000000085100000|100%| O|  |TAMS 0x0000000085100000| PB 0x0000000085000000| Untracked |  0
|  81|0x0000000085100000, 0x0000000085200000, 0x0000000085200000|100%| O|  |TAMS 0x0000000085200000| PB 0x0000000085100000| Untracked |  0
|  82|0x0000000085200000, 0x0000000085300000, 0x0000000085300000|100%| O|  |TAMS 0x0000000085300000| PB 0x0000000085200000| Untracked |  0
|  83|0x0000000085300000, 0x0000000085400000, 0x0000000085400000|100%| O|  |TAMS 0x0000000085400000| PB 0x0000000085300000| Untracked |  0
|  84|0x0000000085400000, 0x0000000085500000, 0x0000000085500000|100%| O|  |TAMS 0x0000000085500000| PB 0x0000000085400000| Untracked |  0
|  85|0x0000000085500000, 0x0000000085600000, 0x0000000085600000|100%| O|  |TAMS 0x0000000085600000| PB 0x0000000085500000| Untracked |  0
|  86|0x0000000085600000, 0x0000000085700000, 0x0000000085700000|100%| O|  |TAMS 0x0000000085700000| PB 0x0000000085600000| Untracked |  0
|  87|0x0000000085700000, 0x0000000085800000, 0x0000000085800000|100%| O|  |TAMS 0x0000000085800000| PB 0x0000000085700000| Untracked |  0
|  88|0x0000000085800000, 0x0000000085900000, 0x0000000085900000|100%| O|  |TAMS 0x0000000085900000| PB 0x0000000085800000| Untracked |  0
|  89|0x0000000085900000, 0x0000000085a00000, 0x0000000085a00000|100%| O|  |TAMS 0x0000000085a00000| PB 0x0000000085900000| Untracked |  0
|  90|0x0000000085a00000, 0x0000000085b00000, 0x0000000085b00000|100%| O|  |TAMS 0x0000000085b00000| PB 0x0000000085a00000| Untracked |  0
|  91|0x0000000085b00000, 0x0000000085c00000, 0x0000000085c00000|100%| O|  |TAMS 0x0000000085c00000| PB 0x0000000085b00000| Untracked |  0
|  92|0x0000000085c00000, 0x0000000085d00000, 0x0000000085d00000|100%| O|  |TAMS 0x0000000085d00000| PB 0x0000000085c00000| Untracked |  0
|  93|0x0000000085d00000, 0x0000000085e00000, 0x0000000085e00000|100%|HS|  |TAMS 0x0000000085e00000| PB 0x0000000085d00000| Complete |  0
|  94|0x0000000085e00000, 0x0000000085f00000, 0x0000000085f00000|100%|HC|  |TAMS 0x0000000085f00000| PB 0x0000000085e00000| Complete |  0
|  95|0x0000000085f00000, 0x0000000086000000, 0x0000000086000000|100%|HC|  |TAMS 0x0000000086000000| PB 0x0000000085f00000| Complete |  0
|  96|0x0000000086000000, 0x0000000086100000, 0x0000000086100000|100%| O|  |TAMS 0x0000000086100000| PB 0x0000000086000000| Untracked |  0
|  97|0x0000000086100000, 0x0000000086200000, 0x0000000086200000|100%| O|  |TAMS 0x0000000086200000| PB 0x0000000086100000| Untracked |  0
|  98|0x0000000086200000, 0x0000000086300000, 0x0000000086300000|100%| O|  |TAMS 0x0000000086300000| PB 0x0000000086200000| Untracked |  0
|  99|0x0000000086300000, 0x0000000086400000, 0x0000000086400000|100%| O|  |TAMS 0x0000000086400000| PB 0x0000000086300000| Untracked |  0
| 100|0x0000000086400000, 0x0000000086500000, 0x0000000086500000|100%|HS|  |TAMS 0x0000000086500000| PB 0x0000000086400000| Complete |  0
| 101|0x0000000086500000, 0x0000000086600000, 0x0000000086600000|100%|HC|  |TAMS 0x0000000086600000| PB 0x0000000086500000| Complete |  0
| 102|0x0000000086600000, 0x0000000086700000, 0x0000000086700000|100%| O|  |TAMS 0x0000000086700000| PB 0x0000000086600000| Untracked |  0
| 103|0x0000000086700000, 0x0000000086800000, 0x0000000086800000|100%| O|  |TAMS 0x0000000086800000| PB 0x0000000086700000| Untracked |  0
| 104|0x0000000086800000, 0x0000000086900000, 0x0000000086900000|100%| O|  |TAMS 0x0000000086900000| PB 0x0000000086800000| Untracked |  0
| 105|0x0000000086900000, 0x0000000086a00000, 0x0000000086a00000|100%| O|  |TAMS 0x0000000086a00000| PB 0x0000000086900000| Untracked |  0
| 106|0x0000000086a00000, 0x0000000086b00000, 0x0000000086b00000|100%| O|  |TAMS 0x0000000086b00000| PB 0x0000000086a00000| Untracked |  0
| 107|0x0000000086b00000, 0x0000000086c00000, 0x0000000086c00000|100%| O|  |TAMS 0x0000000086c00000| PB 0x0000000086b00000| Untracked |  0
| 108|0x0000000086c00000, 0x0000000086d00000, 0x0000000086d00000|100%| O|  |TAMS 0x0000000086d00000| PB 0x0000000086c00000| Untracked |  0
| 109|0x0000000086d00000, 0x0000000086d00000, 0x0000000086e00000|  0%| F|  |TAMS 0x0000000086d00000| PB 0x0000000086d00000| Untracked |  0
| 110|0x0000000086e00000, 0x0000000086f00000, 0x0000000086f00000|100%| O|  |TAMS 0x0000000086f00000| PB 0x0000000086e00000| Untracked |  0
| 111|0x0000000086f00000, 0x0000000087000000, 0x0000000087000000|100%| O|  |TAMS 0x0000000087000000| PB 0x0000000086f00000| Untracked |  0
| 112|0x0000000087000000, 0x0000000087100000, 0x0000000087100000|100%| O|  |TAMS 0x0000000087100000| PB 0x0000000087000000| Untracked |  0
| 113|0x0000000087100000, 0x0000000087200000, 0x0000000087200000|100%| O|  |TAMS 0x0000000087200000| PB 0x0000000087100000| Untracked |  0
| 114|0x0000000087200000, 0x0000000087300000, 0x0000000087300000|100%| O|  |TAMS 0x0000000087300000| PB 0x0000000087200000| Untracked |  0
| 115|0x0000000087300000, 0x0000000087400000, 0x0000000087400000|100%|HS|  |TAMS 0x0000000087400000| PB 0x0000000087300000| Complete |  0
| 116|0x0000000087400000, 0x0000000087500000, 0x0000000087500000|100%|HC|  |TAMS 0x0000000087500000| PB 0x0000000087400000| Complete |  0
| 117|0x0000000087500000, 0x0000000087600000, 0x0000000087600000|100%|HC|  |TAMS 0x0000000087600000| PB 0x0000000087500000| Complete |  0
| 118|0x0000000087600000, 0x0000000087700000, 0x0000000087700000|100%| O|  |TAMS 0x0000000087700000| PB 0x0000000087600000| Untracked |  0
| 119|0x0000000087700000, 0x0000000087800000, 0x0000000087800000|100%| O|  |TAMS 0x0000000087800000| PB 0x0000000087700000| Untracked |  0
| 120|0x0000000087800000, 0x0000000087900000, 0x0000000087900000|100%| O|  |TAMS 0x0000000087900000| PB 0x0000000087800000| Untracked |  0
| 121|0x0000000087900000, 0x0000000087a00000, 0x0000000087a00000|100%| O|  |TAMS 0x0000000087a00000| PB 0x0000000087900000| Untracked |  0
| 122|0x0000000087a00000, 0x0000000087b00000, 0x0000000087b00000|100%| O|  |TAMS 0x0000000087b00000| PB 0x0000000087a00000| Untracked |  0
| 123|0x0000000087b00000, 0x0000000087beb720, 0x0000000087c00000| 91%| O|  |TAMS 0x0000000087beb720| PB 0x0000000087b00000| Untracked |  0
| 124|0x0000000087c00000, 0x0000000087d00000, 0x0000000087d00000|100%| O|  |TAMS 0x0000000087d00000| PB 0x0000000087c00000| Untracked |  0
| 125|0x0000000087d00000, 0x0000000087d00000, 0x0000000087e00000|  0%| F|  |TAMS 0x0000000087d00000| PB 0x0000000087d00000| Untracked |  0
| 126|0x0000000087e00000, 0x0000000087e00000, 0x0000000087f00000|  0%| F|  |TAMS 0x0000000087e00000| PB 0x0000000087e00000| Untracked |  0
| 127|0x0000000087f00000, 0x0000000087f00000, 0x0000000088000000|  0%| F|  |TAMS 0x0000000087f00000| PB 0x0000000087f00000| Untracked |  0
| 128|0x0000000088000000, 0x0000000088000000, 0x0000000088100000|  0%| F|  |TAMS 0x0000000088000000| PB 0x0000000088000000| Untracked |  0
| 129|0x0000000088100000, 0x0000000088200000, 0x0000000088200000|100%| O|  |TAMS 0x0000000088200000| PB 0x0000000088100000| Untracked |  0
| 130|0x0000000088200000, 0x0000000088200000, 0x0000000088300000|  0%| F|  |TAMS 0x0000000088200000| PB 0x0000000088200000| Untracked |  0
| 131|0x0000000088300000, 0x0000000088400000, 0x0000000088400000|100%| O|  |TAMS 0x0000000088400000| PB 0x0000000088300000| Untracked |  0
| 132|0x0000000088400000, 0x0000000088400000, 0x0000000088500000|  0%| F|  |TAMS 0x0000000088400000| PB 0x0000000088400000| Untracked |  0
| 133|0x0000000088500000, 0x0000000088500000, 0x0000000088600000|  0%| F|  |TAMS 0x0000000088500000| PB 0x0000000088500000| Untracked |  0
| 134|0x0000000088600000, 0x0000000088600000, 0x0000000088700000|  0%| F|  |TAMS 0x0000000088600000| PB 0x0000000088600000| Untracked |  0
| 135|0x0000000088700000, 0x0000000088700000, 0x0000000088800000|  0%| F|  |TAMS 0x0000000088700000| PB 0x0000000088700000| Untracked |  0
| 136|0x0000000088800000, 0x0000000088800000, 0x0000000088900000|  0%| F|  |TAMS 0x0000000088800000| PB 0x0000000088800000| Untracked |  0
| 137|0x0000000088900000, 0x0000000088a00000, 0x0000000088a00000|100%|HS|  |TAMS 0x0000000088a00000| PB 0x0000000088900000| Complete |  0
| 138|0x0000000088a00000, 0x0000000088b00000, 0x0000000088b00000|100%|HC|  |TAMS 0x0000000088b00000| PB 0x0000000088a00000| Complete |  0
| 139|0x0000000088b00000, 0x0000000088c00000, 0x0000000088c00000|100%|HC|  |TAMS 0x0000000088c00000| PB 0x0000000088b00000| Complete |  0
| 140|0x0000000088c00000, 0x0000000088d00000, 0x0000000088d00000|100%|HS|  |TAMS 0x0000000088d00000| PB 0x0000000088c00000| Complete |  0
| 141|0x0000000088d00000, 0x0000000088e00000, 0x0000000088e00000|100%|HC|  |TAMS 0x0000000088e00000| PB 0x0000000088d00000| Complete |  0
| 142|0x0000000088e00000, 0x0000000088f00000, 0x0000000088f00000|100%|HC|  |TAMS 0x0000000088f00000| PB 0x0000000088e00000| Complete |  0
| 143|0x0000000088f00000, 0x0000000089000000, 0x0000000089000000|100%| O|  |TAMS 0x0000000089000000| PB 0x0000000088f00000| Untracked |  0
| 144|0x0000000089000000, 0x0000000089100000, 0x0000000089100000|100%| O|  |TAMS 0x0000000089100000| PB 0x0000000089000000| Untracked |  0
| 145|0x0000000089100000, 0x0000000089200000, 0x0000000089200000|100%|HS|  |TAMS 0x0000000089200000| PB 0x0000000089100000| Complete |  0
| 146|0x0000000089200000, 0x0000000089300000, 0x0000000089300000|100%|HC|  |TAMS 0x0000000089300000| PB 0x0000000089200000| Complete |  0
| 147|0x0000000089300000, 0x0000000089400000, 0x0000000089400000|100%|HS|  |TAMS 0x0000000089400000| PB 0x0000000089300000| Complete |  0
| 148|0x0000000089400000, 0x0000000089500000, 0x0000000089500000|100%|HC|  |TAMS 0x0000000089500000| PB 0x0000000089400000| Complete |  0
| 149|0x0000000089500000, 0x0000000089600000, 0x0000000089600000|100%|HC|  |TAMS 0x0000000089600000| PB 0x0000000089500000| Complete |  0
| 150|0x0000000089600000, 0x0000000089600000, 0x0000000089700000|  0%| F|  |TAMS 0x0000000089600000| PB 0x0000000089600000| Untracked |  0
| 151|0x0000000089700000, 0x0000000089700000, 0x0000000089800000|  0%| F|  |TAMS 0x0000000089700000| PB 0x0000000089700000| Untracked |  0
| 152|0x0000000089800000, 0x0000000089800000, 0x0000000089900000|  0%| F|  |TAMS 0x0000000089800000| PB 0x0000000089800000| Untracked |  0
| 153|0x0000000089900000, 0x0000000089900000, 0x0000000089a00000|  0%| F|  |TAMS 0x0000000089900000| PB 0x0000000089900000| Untracked |  0
| 154|0x0000000089a00000, 0x0000000089a00000, 0x0000000089b00000|  0%| F|  |TAMS 0x0000000089a00000| PB 0x0000000089a00000| Untracked |  0
| 155|0x0000000089b00000, 0x0000000089b00000, 0x0000000089c00000|  0%| F|  |TAMS 0x0000000089b00000| PB 0x0000000089b00000| Untracked |  0
| 156|0x0000000089c00000, 0x0000000089c00000, 0x0000000089d00000|  0%| F|  |TAMS 0x0000000089c00000| PB 0x0000000089c00000| Untracked |  0
| 157|0x0000000089d00000, 0x0000000089d00000, 0x0000000089e00000|  0%| F|  |TAMS 0x0000000089d00000| PB 0x0000000089d00000| Untracked |  0
| 158|0x0000000089e00000, 0x0000000089e00000, 0x0000000089f00000|  0%| F|  |TAMS 0x0000000089e00000| PB 0x0000000089e00000| Untracked |  0
| 159|0x0000000089f00000, 0x0000000089f00000, 0x000000008a000000|  0%| F|  |TAMS 0x0000000089f00000| PB 0x0000000089f00000| Untracked |  0
| 160|0x000000008a000000, 0x000000008a100000, 0x000000008a100000|100%| O|  |TAMS 0x000000008a100000| PB 0x000000008a000000| Untracked |  0
| 161|0x000000008a100000, 0x000000008a100000, 0x000000008a200000|  0%| F|  |TAMS 0x000000008a100000| PB 0x000000008a100000| Untracked |  0
| 162|0x000000008a200000, 0x000000008a300000, 0x000000008a300000|100%| O|  |TAMS 0x000000008a300000| PB 0x000000008a200000| Untracked |  0
| 163|0x000000008a300000, 0x000000008a300000, 0x000000008a400000|  0%| F|  |TAMS 0x000000008a300000| PB 0x000000008a300000| Untracked |  0
| 164|0x000000008a400000, 0x000000008a500000, 0x000000008a500000|100%| O|  |TAMS 0x000000008a500000| PB 0x000000008a400000| Untracked |  0
| 165|0x000000008a500000, 0x000000008a600000, 0x000000008a600000|100%| O|  |TAMS 0x000000008a600000| PB 0x000000008a500000| Untracked |  0
| 166|0x000000008a600000, 0x000000008a600000, 0x000000008a700000|  0%| F|  |TAMS 0x000000008a600000| PB 0x000000008a600000| Untracked |  0
| 167|0x000000008a700000, 0x000000008a800000, 0x000000008a800000|100%| O|  |TAMS 0x000000008a800000| PB 0x000000008a700000| Untracked |  0
| 168|0x000000008a800000, 0x000000008a900000, 0x000000008a900000|100%| O|  |TAMS 0x000000008a900000| PB 0x000000008a800000| Untracked |  0
| 169|0x000000008a900000, 0x000000008aa00000, 0x000000008aa00000|100%| O|  |TAMS 0x000000008aa00000| PB 0x000000008a900000| Untracked |  0
| 170|0x000000008aa00000, 0x000000008aa00000, 0x000000008ab00000|  0%| F|  |TAMS 0x000000008aa00000| PB 0x000000008aa00000| Untracked |  0
| 171|0x000000008ab00000, 0x000000008ab00000, 0x000000008ac00000|  0%| F|  |TAMS 0x000000008ab00000| PB 0x000000008ab00000| Untracked |  0
| 172|0x000000008ac00000, 0x000000008ac00000, 0x000000008ad00000|  0%| F|  |TAMS 0x000000008ac00000| PB 0x000000008ac00000| Untracked |  0
| 173|0x000000008ad00000, 0x000000008ad00000, 0x000000008ae00000|  0%| F|  |TAMS 0x000000008ad00000| PB 0x000000008ad00000| Untracked |  0
| 174|0x000000008ae00000, 0x000000008ae00000, 0x000000008af00000|  0%| F|  |TAMS 0x000000008ae00000| PB 0x000000008ae00000| Untracked |  0
| 175|0x000000008af00000, 0x000000008af00000, 0x000000008b000000|  0%| F|  |TAMS 0x000000008af00000| PB 0x000000008af00000| Untracked |  0
| 176|0x000000008b000000, 0x000000008b000000, 0x000000008b100000|  0%| F|  |TAMS 0x000000008b000000| PB 0x000000008b000000| Untracked |  0
| 177|0x000000008b100000, 0x000000008b100000, 0x000000008b200000|  0%| F|  |TAMS 0x000000008b100000| PB 0x000000008b100000| Untracked |  0
| 178|0x000000008b200000, 0x000000008b200000, 0x000000008b300000|  0%| F|  |TAMS 0x000000008b200000| PB 0x000000008b200000| Untracked |  0
| 179|0x000000008b300000, 0x000000008b300000, 0x000000008b400000|  0%| F|  |TAMS 0x000000008b300000| PB 0x000000008b300000| Untracked |  0
| 180|0x000000008b400000, 0x000000008b400000, 0x000000008b500000|  0%| F|  |TAMS 0x000000008b400000| PB 0x000000008b400000| Untracked |  0
| 181|0x000000008b500000, 0x000000008b500000, 0x000000008b600000|  0%| F|  |TAMS 0x000000008b500000| PB 0x000000008b500000| Untracked |  0
| 182|0x000000008b600000, 0x000000008b600000, 0x000000008b700000|  0%| F|  |TAMS 0x000000008b600000| PB 0x000000008b600000| Untracked |  0
| 183|0x000000008b700000, 0x000000008b800000, 0x000000008b800000|100%| O|  |TAMS 0x000000008b800000| PB 0x000000008b700000| Untracked |  0
| 184|0x000000008b800000, 0x000000008b800000, 0x000000008b900000|  0%| F|  |TAMS 0x000000008b800000| PB 0x000000008b800000| Untracked |  0
| 185|0x000000008b900000, 0x000000008b900000, 0x000000008ba00000|  0%| F|  |TAMS 0x000000008b900000| PB 0x000000008b900000| Untracked |  0
| 186|0x000000008ba00000, 0x000000008ba00000, 0x000000008bb00000|  0%| F|  |TAMS 0x000000008ba00000| PB 0x000000008ba00000| Untracked |  0
| 187|0x000000008bb00000, 0x000000008bc00000, 0x000000008bc00000|100%| O|  |TAMS 0x000000008bc00000| PB 0x000000008bb00000| Untracked |  0
| 188|0x000000008bc00000, 0x000000008bd00000, 0x000000008bd00000|100%| O|  |TAMS 0x000000008bd00000| PB 0x000000008bc00000| Untracked |  0
| 189|0x000000008bd00000, 0x000000008be00000, 0x000000008be00000|100%| O|  |TAMS 0x000000008be00000| PB 0x000000008bd00000| Untracked |  0
| 190|0x000000008be00000, 0x000000008bf00000, 0x000000008bf00000|100%| O|  |TAMS 0x000000008bf00000| PB 0x000000008be00000| Untracked |  0
| 191|0x000000008bf00000, 0x000000008c000000, 0x000000008c000000|100%| O|  |TAMS 0x000000008c000000| PB 0x000000008bf00000| Untracked |  0
| 192|0x000000008c000000, 0x000000008c100000, 0x000000008c100000|100%| O|  |TAMS 0x000000008c100000| PB 0x000000008c000000| Untracked |  0
| 193|0x000000008c100000, 0x000000008c200000, 0x000000008c200000|100%| O|  |TAMS 0x000000008c200000| PB 0x000000008c100000| Untracked |  0
| 194|0x000000008c200000, 0x000000008c300000, 0x000000008c300000|100%| O|  |TAMS 0x000000008c300000| PB 0x000000008c200000| Untracked |  0
| 195|0x000000008c300000, 0x000000008c400000, 0x000000008c400000|100%| O|  |TAMS 0x000000008c400000| PB 0x000000008c300000| Untracked |  0
| 196|0x000000008c400000, 0x000000008c400000, 0x000000008c500000|  0%| F|  |TAMS 0x000000008c400000| PB 0x000000008c400000| Untracked |  0
| 197|0x000000008c500000, 0x000000008c500000, 0x000000008c600000|  0%| F|  |TAMS 0x000000008c500000| PB 0x000000008c500000| Untracked |  0
| 198|0x000000008c600000, 0x000000008c600000, 0x000000008c700000|  0%| F|  |TAMS 0x000000008c600000| PB 0x000000008c600000| Untracked |  0
| 199|0x000000008c700000, 0x000000008c700000, 0x000000008c800000|  0%| F|  |TAMS 0x000000008c700000| PB 0x000000008c700000| Untracked |  0
| 200|0x000000008c800000, 0x000000008c800000, 0x000000008c900000|  0%| F|  |TAMS 0x000000008c800000| PB 0x000000008c800000| Untracked |  0
| 201|0x000000008c900000, 0x000000008c900000, 0x000000008ca00000|  0%| F|  |TAMS 0x000000008c900000| PB 0x000000008c900000| Untracked |  0
| 202|0x000000008ca00000, 0x000000008ca00000, 0x000000008cb00000|  0%| F|  |TAMS 0x000000008ca00000| PB 0x000000008ca00000| Untracked |  0
| 203|0x000000008cb00000, 0x000000008cb00000, 0x000000008cc00000|  0%| F|  |TAMS 0x000000008cb00000| PB 0x000000008cb00000| Untracked |  0
| 204|0x000000008cc00000, 0x000000008cd00000, 0x000000008cd00000|100%| O|  |TAMS 0x000000008cd00000| PB 0x000000008cc00000| Untracked |  0
| 205|0x000000008cd00000, 0x000000008ce00000, 0x000000008ce00000|100%| O|  |TAMS 0x000000008ce00000| PB 0x000000008cd00000| Untracked |  0
| 206|0x000000008ce00000, 0x000000008cf00000, 0x000000008cf00000|100%| O|  |TAMS 0x000000008cf00000| PB 0x000000008ce00000| Untracked |  0
| 207|0x000000008cf00000, 0x000000008d000000, 0x000000008d000000|100%| O|  |TAMS 0x000000008d000000| PB 0x000000008cf00000| Untracked |  0
| 208|0x000000008d000000, 0x000000008d100000, 0x000000008d100000|100%| O|  |TAMS 0x000000008d100000| PB 0x000000008d000000| Untracked |  0
| 209|0x000000008d100000, 0x000000008d100000, 0x000000008d200000|  0%| F|  |TAMS 0x000000008d100000| PB 0x000000008d100000| Untracked |  0
| 210|0x000000008d200000, 0x000000008d300000, 0x000000008d300000|100%| O|  |TAMS 0x000000008d300000| PB 0x000000008d200000| Untracked |  0
| 211|0x000000008d300000, 0x000000008d400000, 0x000000008d400000|100%| O|  |TAMS 0x000000008d400000| PB 0x000000008d300000| Untracked |  0
| 212|0x000000008d400000, 0x000000008d500000, 0x000000008d500000|100%| O|  |TAMS 0x000000008d500000| PB 0x000000008d400000| Untracked |  0
| 213|0x000000008d500000, 0x000000008d600000, 0x000000008d600000|100%| O|  |TAMS 0x000000008d600000| PB 0x000000008d500000| Untracked |  0
| 214|0x000000008d600000, 0x000000008d700000, 0x000000008d700000|100%| O|  |TAMS 0x000000008d700000| PB 0x000000008d600000| Untracked |  0
| 215|0x000000008d700000, 0x000000008d800000, 0x000000008d800000|100%| O|  |TAMS 0x000000008d800000| PB 0x000000008d700000| Untracked |  0
| 216|0x000000008d800000, 0x000000008d900000, 0x000000008d900000|100%| O|  |TAMS 0x000000008d900000| PB 0x000000008d800000| Untracked |  0
| 217|0x000000008d900000, 0x000000008da00000, 0x000000008da00000|100%| O|  |TAMS 0x000000008da00000| PB 0x000000008d900000| Untracked |  0
| 218|0x000000008da00000, 0x000000008db00000, 0x000000008db00000|100%| O|  |TAMS 0x000000008db00000| PB 0x000000008da00000| Untracked |  0
| 219|0x000000008db00000, 0x000000008dc00000, 0x000000008dc00000|100%| O|  |TAMS 0x000000008dc00000| PB 0x000000008db00000| Untracked |  0
| 220|0x000000008dc00000, 0x000000008dd00000, 0x000000008dd00000|100%| O|  |TAMS 0x000000008dd00000| PB 0x000000008dc00000| Untracked |  0
| 221|0x000000008dd00000, 0x000000008dd00000, 0x000000008de00000|  0%| F|  |TAMS 0x000000008dd00000| PB 0x000000008dd00000| Untracked |  0
| 222|0x000000008de00000, 0x000000008de00000, 0x000000008df00000|  0%| F|  |TAMS 0x000000008de00000| PB 0x000000008de00000| Untracked |  0
| 223|0x000000008df00000, 0x000000008df00000, 0x000000008e000000|  0%| F|  |TAMS 0x000000008df00000| PB 0x000000008df00000| Untracked |  0
| 224|0x000000008e000000, 0x000000008e000000, 0x000000008e100000|  0%| F|  |TAMS 0x000000008e000000| PB 0x000000008e000000| Untracked |  0
| 225|0x000000008e100000, 0x000000008e100000, 0x000000008e200000|  0%| F|  |TAMS 0x000000008e100000| PB 0x000000008e100000| Untracked |  0
| 226|0x000000008e200000, 0x000000008e200000, 0x000000008e300000|  0%| F|  |TAMS 0x000000008e200000| PB 0x000000008e200000| Untracked |  0
| 227|0x000000008e300000, 0x000000008e300000, 0x000000008e400000|  0%| F|  |TAMS 0x000000008e300000| PB 0x000000008e300000| Untracked |  0
| 228|0x000000008e400000, 0x000000008e400000, 0x000000008e500000|  0%| F|  |TAMS 0x000000008e400000| PB 0x000000008e400000| Untracked |  0
| 229|0x000000008e500000, 0x000000008e500000, 0x000000008e600000|  0%| F|  |TAMS 0x000000008e500000| PB 0x000000008e500000| Untracked |  0
| 230|0x000000008e600000, 0x000000008e600000, 0x000000008e700000|  0%| F|  |TAMS 0x000000008e600000| PB 0x000000008e600000| Untracked |  0
| 231|0x000000008e700000, 0x000000008e700000, 0x000000008e800000|  0%| F|  |TAMS 0x000000008e700000| PB 0x000000008e700000| Untracked |  0
| 232|0x000000008e800000, 0x000000008e800000, 0x000000008e900000|  0%| F|  |TAMS 0x000000008e800000| PB 0x000000008e800000| Untracked |  0
| 233|0x000000008e900000, 0x000000008e900000, 0x000000008ea00000|  0%| F|  |TAMS 0x000000008e900000| PB 0x000000008e900000| Untracked |  0
| 234|0x000000008ea00000, 0x000000008ea00000, 0x000000008eb00000|  0%| F|  |TAMS 0x000000008ea00000| PB 0x000000008ea00000| Untracked |  0
| 235|0x000000008eb00000, 0x000000008eb00000, 0x000000008ec00000|  0%| F|  |TAMS 0x000000008eb00000| PB 0x000000008eb00000| Untracked |  0
| 236|0x000000008ec00000, 0x000000008ec00000, 0x000000008ed00000|  0%| F|  |TAMS 0x000000008ec00000| PB 0x000000008ec00000| Untracked |  0
| 237|0x000000008ed00000, 0x000000008ed00000, 0x000000008ee00000|  0%| F|  |TAMS 0x000000008ed00000| PB 0x000000008ed00000| Untracked |  0
| 238|0x000000008ee00000, 0x000000008ee00000, 0x000000008ef00000|  0%| F|  |TAMS 0x000000008ee00000| PB 0x000000008ee00000| Untracked |  0
| 239|0x000000008ef00000, 0x000000008ef00000, 0x000000008f000000|  0%| F|  |TAMS 0x000000008ef00000| PB 0x000000008ef00000| Untracked |  0
| 240|0x000000008f000000, 0x000000008f000000, 0x000000008f100000|  0%| F|  |TAMS 0x000000008f000000| PB 0x000000008f000000| Untracked |  0
| 241|0x000000008f100000, 0x000000008f100000, 0x000000008f200000|  0%| F|  |TAMS 0x000000008f100000| PB 0x000000008f100000| Untracked |  0
| 242|0x000000008f200000, 0x000000008f200000, 0x000000008f300000|  0%| F|  |TAMS 0x000000008f200000| PB 0x000000008f200000| Untracked |  0
| 243|0x000000008f300000, 0x000000008f300000, 0x000000008f400000|  0%| F|  |TAMS 0x000000008f300000| PB 0x000000008f300000| Untracked |  0
| 244|0x000000008f400000, 0x000000008f400000, 0x000000008f500000|  0%| F|  |TAMS 0x000000008f400000| PB 0x000000008f400000| Untracked |  0
| 245|0x000000008f500000, 0x000000008f500000, 0x000000008f600000|  0%| F|  |TAMS 0x000000008f500000| PB 0x000000008f500000| Untracked |  0
| 246|0x000000008f600000, 0x000000008f600000, 0x000000008f700000|  0%| F|  |TAMS 0x000000008f600000| PB 0x000000008f600000| Untracked |  0
| 247|0x000000008f700000, 0x000000008f700000, 0x000000008f800000|  0%| F|  |TAMS 0x000000008f700000| PB 0x000000008f700000| Untracked |  0
| 248|0x000000008f800000, 0x000000008f800000, 0x000000008f900000|  0%| F|  |TAMS 0x000000008f800000| PB 0x000000008f800000| Untracked |  0
| 249|0x000000008f900000, 0x000000008f900000, 0x000000008fa00000|  0%| F|  |TAMS 0x000000008f900000| PB 0x000000008f900000| Untracked |  0
| 250|0x000000008fa00000, 0x000000008fa00000, 0x000000008fb00000|  0%| F|  |TAMS 0x000000008fa00000| PB 0x000000008fa00000| Untracked |  0
| 251|0x000000008fb00000, 0x000000008fb00000, 0x000000008fc00000|  0%| F|  |TAMS 0x000000008fb00000| PB 0x000000008fb00000| Untracked |  0
| 252|0x000000008fc00000, 0x000000008fc00000, 0x000000008fd00000|  0%| F|  |TAMS 0x000000008fc00000| PB 0x000000008fc00000| Untracked |  0
| 253|0x000000008fd00000, 0x000000008fd00000, 0x000000008fe00000|  0%| F|  |TAMS 0x000000008fd00000| PB 0x000000008fd00000| Untracked |  0
| 254|0x000000008fe00000, 0x000000008fe00000, 0x000000008ff00000|  0%| F|  |TAMS 0x000000008fe00000| PB 0x000000008fe00000| Untracked |  0
| 255|0x000000008ff00000, 0x000000008ff00000, 0x0000000090000000|  0%| F|  |TAMS 0x000000008ff00000| PB 0x000000008ff00000| Untracked |  0
| 256|0x0000000090000000, 0x0000000090000000, 0x0000000090100000|  0%| F|  |TAMS 0x0000000090000000| PB 0x0000000090000000| Untracked |  0
| 257|0x0000000090100000, 0x0000000090100000, 0x0000000090200000|  0%| F|  |TAMS 0x0000000090100000| PB 0x0000000090100000| Untracked |  0
| 258|0x0000000090200000, 0x0000000090200000, 0x0000000090300000|  0%| F|  |TAMS 0x0000000090200000| PB 0x0000000090200000| Untracked |  0
| 259|0x0000000090300000, 0x0000000090300000, 0x0000000090400000|  0%| F|  |TAMS 0x0000000090300000| PB 0x0000000090300000| Untracked |  0
| 260|0x0000000090400000, 0x0000000090400000, 0x0000000090500000|  0%| F|  |TAMS 0x0000000090400000| PB 0x0000000090400000| Untracked |  0
| 261|0x0000000090500000, 0x0000000090500000, 0x0000000090600000|  0%| F|  |TAMS 0x0000000090500000| PB 0x0000000090500000| Untracked |  0
| 262|0x0000000090600000, 0x0000000090600000, 0x0000000090700000|  0%| F|  |TAMS 0x0000000090600000| PB 0x0000000090600000| Untracked |  0
| 263|0x0000000090700000, 0x0000000090700000, 0x0000000090800000|  0%| F|  |TAMS 0x0000000090700000| PB 0x0000000090700000| Untracked |  0
| 264|0x0000000090800000, 0x0000000090800000, 0x0000000090900000|  0%| F|  |TAMS 0x0000000090800000| PB 0x0000000090800000| Untracked |  0
| 265|0x0000000090900000, 0x0000000090900000, 0x0000000090a00000|  0%| F|  |TAMS 0x0000000090900000| PB 0x0000000090900000| Untracked |  0
| 266|0x0000000090a00000, 0x0000000090a00000, 0x0000000090b00000|  0%| F|  |TAMS 0x0000000090a00000| PB 0x0000000090a00000| Untracked |  0
| 267|0x0000000090b00000, 0x0000000090b00000, 0x0000000090c00000|  0%| F|  |TAMS 0x0000000090b00000| PB 0x0000000090b00000| Untracked |  0
| 268|0x0000000090c00000, 0x0000000090c00000, 0x0000000090d00000|  0%| F|  |TAMS 0x0000000090c00000| PB 0x0000000090c00000| Untracked |  0
| 269|0x0000000090d00000, 0x0000000090d00000, 0x0000000090e00000|  0%| F|  |TAMS 0x0000000090d00000| PB 0x0000000090d00000| Untracked |  0
| 270|0x0000000090e00000, 0x0000000090e00000, 0x0000000090f00000|  0%| F|  |TAMS 0x0000000090e00000| PB 0x0000000090e00000| Untracked |  0
| 271|0x0000000090f00000, 0x0000000090f00000, 0x0000000091000000|  0%| F|  |TAMS 0x0000000090f00000| PB 0x0000000090f00000| Untracked |  0
| 272|0x0000000091000000, 0x0000000091000000, 0x0000000091100000|  0%| F|  |TAMS 0x0000000091000000| PB 0x0000000091000000| Untracked |  0
| 273|0x0000000091100000, 0x0000000091100000, 0x0000000091200000|  0%| F|  |TAMS 0x0000000091100000| PB 0x0000000091100000| Untracked |  0
| 274|0x0000000091200000, 0x0000000091200000, 0x0000000091300000|  0%| F|  |TAMS 0x0000000091200000| PB 0x0000000091200000| Untracked |  0
| 275|0x0000000091300000, 0x0000000091300000, 0x0000000091400000|  0%| F|  |TAMS 0x0000000091300000| PB 0x0000000091300000| Untracked |  0
| 276|0x0000000091400000, 0x0000000091400000, 0x0000000091500000|  0%| F|  |TAMS 0x0000000091400000| PB 0x0000000091400000| Untracked |  0
| 277|0x0000000091500000, 0x0000000091500000, 0x0000000091600000|  0%| F|  |TAMS 0x0000000091500000| PB 0x0000000091500000| Untracked |  0
| 278|0x0000000091600000, 0x0000000091600000, 0x0000000091700000|  0%| F|  |TAMS 0x0000000091600000| PB 0x0000000091600000| Untracked |  0
| 279|0x0000000091700000, 0x0000000091700000, 0x0000000091800000|  0%| F|  |TAMS 0x0000000091700000| PB 0x0000000091700000| Untracked |  0
| 280|0x0000000091800000, 0x0000000091800000, 0x0000000091900000|  0%| F|  |TAMS 0x0000000091800000| PB 0x0000000091800000| Untracked |  0
| 281|0x0000000091900000, 0x0000000091900000, 0x0000000091a00000|  0%| F|  |TAMS 0x0000000091900000| PB 0x0000000091900000| Untracked |  0
| 282|0x0000000091a00000, 0x0000000091a00000, 0x0000000091b00000|  0%| F|  |TAMS 0x0000000091a00000| PB 0x0000000091a00000| Untracked |  0
| 283|0x0000000091b00000, 0x0000000091b00000, 0x0000000091c00000|  0%| F|  |TAMS 0x0000000091b00000| PB 0x0000000091b00000| Untracked |  0
| 284|0x0000000091c00000, 0x0000000091c00000, 0x0000000091d00000|  0%| F|  |TAMS 0x0000000091c00000| PB 0x0000000091c00000| Untracked |  0
| 285|0x0000000091d00000, 0x0000000091d00000, 0x0000000091e00000|  0%| F|  |TAMS 0x0000000091d00000| PB 0x0000000091d00000| Untracked |  0
| 286|0x0000000091e00000, 0x0000000091e00000, 0x0000000091f00000|  0%| F|  |TAMS 0x0000000091e00000| PB 0x0000000091e00000| Untracked |  0
| 287|0x0000000091f00000, 0x0000000091f00000, 0x0000000092000000|  0%| F|  |TAMS 0x0000000091f00000| PB 0x0000000091f00000| Untracked |  0
| 288|0x0000000092000000, 0x0000000092000000, 0x0000000092100000|  0%| F|  |TAMS 0x0000000092000000| PB 0x0000000092000000| Untracked |  0
| 289|0x0000000092100000, 0x0000000092100000, 0x0000000092200000|  0%| F|  |TAMS 0x0000000092100000| PB 0x0000000092100000| Untracked |  0
| 290|0x0000000092200000, 0x0000000092200000, 0x0000000092300000|  0%| F|  |TAMS 0x0000000092200000| PB 0x0000000092200000| Untracked |  0
| 291|0x0000000092300000, 0x0000000092300000, 0x0000000092400000|  0%| F|  |TAMS 0x0000000092300000| PB 0x0000000092300000| Untracked |  0
| 292|0x0000000092400000, 0x0000000092409a58, 0x0000000092500000|  3%| S|CS|TAMS 0x0000000092400000| PB 0x0000000092400000| Complete |  0
| 293|0x0000000092500000, 0x0000000092600000, 0x0000000092600000|100%| S|CS|TAMS 0x0000000092500000| PB 0x0000000092500000| Complete |  0
| 294|0x0000000092600000, 0x0000000092700000, 0x0000000092700000|100%| S|CS|TAMS 0x0000000092600000| PB 0x0000000092600000| Complete |  0
| 295|0x0000000092700000, 0x0000000092800000, 0x0000000092800000|100%| S|CS|TAMS 0x0000000092700000| PB 0x0000000092700000| Complete |  0
| 296|0x0000000092800000, 0x0000000092800000, 0x0000000092900000|  0%| F|  |TAMS 0x0000000092800000| PB 0x0000000092800000| Untracked |  0
| 297|0x0000000092900000, 0x0000000092900000, 0x0000000092a00000|  0%| F|  |TAMS 0x0000000092900000| PB 0x0000000092900000| Untracked |  0
| 298|0x0000000092a00000, 0x0000000092a00000, 0x0000000092b00000|  0%| F|  |TAMS 0x0000000092a00000| PB 0x0000000092a00000| Untracked |  0
| 299|0x0000000092b00000, 0x0000000092b00000, 0x0000000092c00000|  0%| F|  |TAMS 0x0000000092b00000| PB 0x0000000092b00000| Untracked |  0
| 300|0x0000000092c00000, 0x0000000092c00000, 0x0000000092d00000|  0%| F|  |TAMS 0x0000000092c00000| PB 0x0000000092c00000| Untracked |  0
| 301|0x0000000092d00000, 0x0000000092d00000, 0x0000000092e00000|  0%| F|  |TAMS 0x0000000092d00000| PB 0x0000000092d00000| Untracked |  0
| 302|0x0000000092e00000, 0x0000000092e00000, 0x0000000092f00000|  0%| F|  |TAMS 0x0000000092e00000| PB 0x0000000092e00000| Untracked |  0
| 303|0x0000000092f00000, 0x0000000092f00000, 0x0000000093000000|  0%| F|  |TAMS 0x0000000092f00000| PB 0x0000000092f00000| Untracked |  0
| 304|0x0000000093000000, 0x0000000093000000, 0x0000000093100000|  0%| F|  |TAMS 0x0000000093000000| PB 0x0000000093000000| Untracked |  0
| 305|0x0000000093100000, 0x0000000093100000, 0x0000000093200000|  0%| F|  |TAMS 0x0000000093100000| PB 0x0000000093100000| Untracked |  0
| 306|0x0000000093200000, 0x0000000093200000, 0x0000000093300000|  0%| F|  |TAMS 0x0000000093200000| PB 0x0000000093200000| Untracked |  0
| 307|0x0000000093300000, 0x0000000093300000, 0x0000000093400000|  0%| F|  |TAMS 0x0000000093300000| PB 0x0000000093300000| Untracked |  0
| 308|0x0000000093400000, 0x0000000093400000, 0x0000000093500000|  0%| F|  |TAMS 0x0000000093400000| PB 0x0000000093400000| Untracked |  0
| 309|0x0000000093500000, 0x0000000093500000, 0x0000000093600000|  0%| F|  |TAMS 0x0000000093500000| PB 0x0000000093500000| Untracked |  0
| 310|0x0000000093600000, 0x0000000093600000, 0x0000000093700000|  0%| F|  |TAMS 0x0000000093600000| PB 0x0000000093600000| Untracked |  0
| 311|0x0000000093700000, 0x0000000093700000, 0x0000000093800000|  0%| F|  |TAMS 0x0000000093700000| PB 0x0000000093700000| Untracked |  0
| 312|0x0000000093800000, 0x0000000093800000, 0x0000000093900000|  0%| F|  |TAMS 0x0000000093800000| PB 0x0000000093800000| Untracked |  0
| 313|0x0000000093900000, 0x0000000093900000, 0x0000000093a00000|  0%| F|  |TAMS 0x0000000093900000| PB 0x0000000093900000| Untracked |  0
| 314|0x0000000093a00000, 0x0000000093a00000, 0x0000000093b00000|  0%| F|  |TAMS 0x0000000093a00000| PB 0x0000000093a00000| Untracked |  0
| 315|0x0000000093b00000, 0x0000000093b00000, 0x0000000093c00000|  0%| F|  |TAMS 0x0000000093b00000| PB 0x0000000093b00000| Untracked |  0
| 316|0x0000000093c00000, 0x0000000093c00000, 0x0000000093d00000|  0%| F|  |TAMS 0x0000000093c00000| PB 0x0000000093c00000| Untracked |  0
| 317|0x0000000093d00000, 0x0000000093d00000, 0x0000000093e00000|  0%| F|  |TAMS 0x0000000093d00000| PB 0x0000000093d00000| Untracked |  0
| 318|0x0000000093e00000, 0x0000000093e00000, 0x0000000093f00000|  0%| F|  |TAMS 0x0000000093e00000| PB 0x0000000093e00000| Untracked |  0
| 319|0x0000000093f00000, 0x0000000093f00000, 0x0000000094000000|  0%| F|  |TAMS 0x0000000093f00000| PB 0x0000000093f00000| Untracked |  0
| 320|0x0000000094000000, 0x0000000094000000, 0x0000000094100000|  0%| F|  |TAMS 0x0000000094000000| PB 0x0000000094000000| Untracked |  0
| 321|0x0000000094100000, 0x0000000094100000, 0x0000000094200000|  0%| F|  |TAMS 0x0000000094100000| PB 0x0000000094100000| Untracked |  0
| 322|0x0000000094200000, 0x0000000094200000, 0x0000000094300000|  0%| F|  |TAMS 0x0000000094200000| PB 0x0000000094200000| Untracked |  0
| 323|0x0000000094300000, 0x0000000094300000, 0x0000000094400000|  0%| F|  |TAMS 0x0000000094300000| PB 0x0000000094300000| Untracked |  0
| 324|0x0000000094400000, 0x0000000094400000, 0x0000000094500000|  0%| F|  |TAMS 0x0000000094400000| PB 0x0000000094400000| Untracked |  0
| 325|0x0000000094500000, 0x0000000094500000, 0x0000000094600000|  0%| F|  |TAMS 0x0000000094500000| PB 0x0000000094500000| Untracked |  0
| 326|0x0000000094600000, 0x0000000094600000, 0x0000000094700000|  0%| F|  |TAMS 0x0000000094600000| PB 0x0000000094600000| Untracked |  0
| 327|0x0000000094700000, 0x0000000094700000, 0x0000000094800000|  0%| F|  |TAMS 0x0000000094700000| PB 0x0000000094700000| Untracked |  0
| 328|0x0000000094800000, 0x0000000094900000, 0x0000000094900000|100%| E|  |TAMS 0x0000000094800000| PB 0x0000000094800000| Complete |  0
| 329|0x0000000094900000, 0x0000000094a00000, 0x0000000094a00000|100%| E|CS|TAMS 0x0000000094900000| PB 0x0000000094900000| Complete |  0
| 330|0x0000000094a00000, 0x0000000094b00000, 0x0000000094b00000|100%| E|CS|TAMS 0x0000000094a00000| PB 0x0000000094a00000| Complete |  0
| 331|0x0000000094b00000, 0x0000000094c00000, 0x0000000094c00000|100%| E|CS|TAMS 0x0000000094b00000| PB 0x0000000094b00000| Complete |  0
| 332|0x0000000094c00000, 0x0000000094d00000, 0x0000000094d00000|100%| E|CS|TAMS 0x0000000094c00000| PB 0x0000000094c00000| Complete |  0
| 333|0x0000000094d00000, 0x0000000094e00000, 0x0000000094e00000|100%| E|CS|TAMS 0x0000000094d00000| PB 0x0000000094d00000| Complete |  0
| 334|0x0000000094e00000, 0x0000000094f00000, 0x0000000094f00000|100%| E|CS|TAMS 0x0000000094e00000| PB 0x0000000094e00000| Complete |  0
| 335|0x0000000094f00000, 0x0000000095000000, 0x0000000095000000|100%| E|CS|TAMS 0x0000000094f00000| PB 0x0000000094f00000| Complete |  0
| 336|0x0000000095000000, 0x0000000095100000, 0x0000000095100000|100%| E|CS|TAMS 0x0000000095000000| PB 0x0000000095000000| Complete |  0
| 337|0x0000000095100000, 0x0000000095200000, 0x0000000095200000|100%| E|CS|TAMS 0x0000000095100000| PB 0x0000000095100000| Complete |  0
| 338|0x0000000095200000, 0x0000000095300000, 0x0000000095300000|100%| E|CS|TAMS 0x0000000095200000| PB 0x0000000095200000| Complete |  0
| 339|0x0000000095300000, 0x0000000095400000, 0x0000000095400000|100%| E|CS|TAMS 0x0000000095300000| PB 0x0000000095300000| Complete |  0
| 340|0x0000000095400000, 0x0000000095500000, 0x0000000095500000|100%| E|CS|TAMS 0x0000000095400000| PB 0x0000000095400000| Complete |  0
| 341|0x0000000095500000, 0x0000000095600000, 0x0000000095600000|100%| E|CS|TAMS 0x0000000095500000| PB 0x0000000095500000| Complete |  0
| 342|0x0000000095600000, 0x0000000095700000, 0x0000000095700000|100%| E|CS|TAMS 0x0000000095600000| PB 0x0000000095600000| Complete |  0
| 343|0x0000000095700000, 0x0000000095800000, 0x0000000095800000|100%| E|CS|TAMS 0x0000000095700000| PB 0x0000000095700000| Complete |  0
| 344|0x0000000095800000, 0x0000000095900000, 0x0000000095900000|100%| E|CS|TAMS 0x0000000095800000| PB 0x0000000095800000| Complete |  0
| 345|0x0000000095900000, 0x0000000095a00000, 0x0000000095a00000|100%| E|CS|TAMS 0x0000000095900000| PB 0x0000000095900000| Complete |  0
| 346|0x0000000095a00000, 0x0000000095b00000, 0x0000000095b00000|100%| E|CS|TAMS 0x0000000095a00000| PB 0x0000000095a00000| Complete |  0
| 347|0x0000000095b00000, 0x0000000095c00000, 0x0000000095c00000|100%| E|CS|TAMS 0x0000000095b00000| PB 0x0000000095b00000| Complete |  0
| 348|0x0000000095c00000, 0x0000000095d00000, 0x0000000095d00000|100%| E|CS|TAMS 0x0000000095c00000| PB 0x0000000095c00000| Complete |  0
| 349|0x0000000095d00000, 0x0000000095e00000, 0x0000000095e00000|100%| E|CS|TAMS 0x0000000095d00000| PB 0x0000000095d00000| Complete |  0
| 350|0x0000000095e00000, 0x0000000095f00000, 0x0000000095f00000|100%| E|CS|TAMS 0x0000000095e00000| PB 0x0000000095e00000| Complete |  0
| 351|0x0000000095f00000, 0x0000000096000000, 0x0000000096000000|100%| E|CS|TAMS 0x0000000095f00000| PB 0x0000000095f00000| Complete |  0
|1996|0x00000000fcc00000, 0x00000000fcd00000, 0x00000000fcd00000|100%| O|  |TAMS 0x00000000fcd00000| PB 0x00000000fcc00000| Untracked |  0
|1997|0x00000000fcd00000, 0x00000000fce00000, 0x00000000fce00000|100%| O|  |TAMS 0x00000000fce00000| PB 0x00000000fcd00000| Untracked |  0
|1998|0x00000000fce00000, 0x00000000fcf00000, 0x00000000fcf00000|100%| O|  |TAMS 0x00000000fcf00000| PB 0x00000000fce00000| Untracked |  0
|1999|0x00000000fcf00000, 0x00000000fd000000, 0x00000000fd000000|100%| O|  |TAMS 0x00000000fd000000| PB 0x00000000fcf00000| Untracked |  0
|2000|0x00000000fd000000, 0x00000000fd100000, 0x00000000fd100000|100%| O|  |TAMS 0x00000000fd100000| PB 0x00000000fd000000| Untracked |  0
|2001|0x00000000fd100000, 0x00000000fd200000, 0x00000000fd200000|100%| O|  |TAMS 0x00000000fd200000| PB 0x00000000fd100000| Untracked |  0
|2002|0x00000000fd200000, 0x00000000fd300000, 0x00000000fd300000|100%| O|  |TAMS 0x00000000fd300000| PB 0x00000000fd200000| Untracked |  0
|2003|0x00000000fd300000, 0x00000000fd400000, 0x00000000fd400000|100%| O|  |TAMS 0x00000000fd400000| PB 0x00000000fd300000| Untracked |  0
|2004|0x00000000fd400000, 0x00000000fd500000, 0x00000000fd500000|100%| O|  |TAMS 0x00000000fd500000| PB 0x00000000fd400000| Untracked |  0
|2005|0x00000000fd500000, 0x00000000fd600000, 0x00000000fd600000|100%| O|  |TAMS 0x00000000fd600000| PB 0x00000000fd500000| Untracked |  0
|2006|0x00000000fd600000, 0x00000000fd700000, 0x00000000fd700000|100%| O|  |TAMS 0x00000000fd700000| PB 0x00000000fd600000| Untracked |  0
|2007|0x00000000fd700000, 0x00000000fd800000, 0x00000000fd800000|100%| O|  |TAMS 0x00000000fd800000| PB 0x00000000fd700000| Untracked |  0
|2008|0x00000000fd800000, 0x00000000fd900000, 0x00000000fd900000|100%| O|  |TAMS 0x00000000fd900000| PB 0x00000000fd800000| Untracked |  0
|2009|0x00000000fd900000, 0x00000000fda00000, 0x00000000fda00000|100%| O|  |TAMS 0x00000000fda00000| PB 0x00000000fd900000| Untracked |  0
|2010|0x00000000fda00000, 0x00000000fdb00000, 0x00000000fdb00000|100%| O|  |TAMS 0x00000000fdb00000| PB 0x00000000fda00000| Untracked |  0
|2011|0x00000000fdb00000, 0x00000000fdc00000, 0x00000000fdc00000|100%| O|  |TAMS 0x00000000fdc00000| PB 0x00000000fdb00000| Untracked |  0
|2012|0x00000000fdc00000, 0x00000000fdd00000, 0x00000000fdd00000|100%| O|  |TAMS 0x00000000fdd00000| PB 0x00000000fdc00000| Untracked |  0
|2013|0x00000000fdd00000, 0x00000000fde00000, 0x00000000fde00000|100%| E|CS|TAMS 0x00000000fdd00000| PB 0x00000000fdd00000| Complete |  0
|2014|0x00000000fde00000, 0x00000000fdf00000, 0x00000000fdf00000|100%| E|CS|TAMS 0x00000000fde00000| PB 0x00000000fde00000| Complete |  0
|2015|0x00000000fdf00000, 0x00000000fe000000, 0x00000000fe000000|100%| E|CS|TAMS 0x00000000fdf00000| PB 0x00000000fdf00000| Complete |  0
|2016|0x00000000fe000000, 0x00000000fe100000, 0x00000000fe100000|100%| E|CS|TAMS 0x00000000fe000000| PB 0x00000000fe000000| Complete |  0
|2017|0x00000000fe100000, 0x00000000fe200000, 0x00000000fe200000|100%| E|CS|TAMS 0x00000000fe100000| PB 0x00000000fe100000| Complete |  0
|2018|0x00000000fe200000, 0x00000000fe300000, 0x00000000fe300000|100%| E|CS|TAMS 0x00000000fe200000| PB 0x00000000fe200000| Complete |  0
|2019|0x00000000fe300000, 0x00000000fe400000, 0x00000000fe400000|100%| O|  |TAMS 0x00000000fe400000| PB 0x00000000fe300000| Untracked |  0
|2020|0x00000000fe400000, 0x00000000fe500000, 0x00000000fe500000|100%| E|CS|TAMS 0x00000000fe400000| PB 0x00000000fe400000| Complete |  0
|2021|0x00000000fe500000, 0x00000000fe600000, 0x00000000fe600000|100%| E|CS|TAMS 0x00000000fe500000| PB 0x00000000fe500000| Complete |  1
|2022|0x00000000fe600000, 0x00000000fe700000, 0x00000000fe700000|100%| E|CS|TAMS 0x00000000fe600000| PB 0x00000000fe600000| Complete |  0
|2023|0x00000000fe700000, 0x00000000fe800000, 0x00000000fe800000|100%| E|CS|TAMS 0x00000000fe700000| PB 0x00000000fe700000| Complete |  0
|2024|0x00000000fe800000, 0x00000000fe900000, 0x00000000fe900000|100%| O|  |TAMS 0x00000000fe900000| PB 0x00000000fe800000| Untracked |  0
|2025|0x00000000fe900000, 0x00000000fea00000, 0x00000000fea00000|100%| O|  |TAMS 0x00000000fea00000| PB 0x00000000fe900000| Untracked |  0
|2026|0x00000000fea00000, 0x00000000feb00000, 0x00000000feb00000|100%| O|  |TAMS 0x00000000feb00000| PB 0x00000000fea00000| Untracked |  0
|2027|0x00000000feb00000, 0x00000000fec00000, 0x00000000fec00000|100%| O|  |TAMS 0x00000000fec00000| PB 0x00000000feb00000| Untracked |  0
|2028|0x00000000fec00000, 0x00000000fed00000, 0x00000000fed00000|100%| O|  |TAMS 0x00000000fed00000| PB 0x00000000fec00000| Untracked |  0
|2029|0x00000000fed00000, 0x00000000fee00000, 0x00000000fee00000|100%| E|CS|TAMS 0x00000000fed00000| PB 0x00000000fed00000| Complete |  0
|2030|0x00000000fee00000, 0x00000000fef00000, 0x00000000fef00000|100%| O|  |TAMS 0x00000000fef00000| PB 0x00000000fee00000| Untracked |  0
|2031|0x00000000fef00000, 0x00000000ff000000, 0x00000000ff000000|100%| O|  |TAMS 0x00000000ff000000| PB 0x00000000fef00000| Untracked |  0
|2032|0x00000000ff000000, 0x00000000ff100000, 0x00000000ff100000|100%| O|  |TAMS 0x00000000ff100000| PB 0x00000000ff000000| Untracked |  0
|2033|0x00000000ff100000, 0x00000000ff200000, 0x00000000ff200000|100%| O|  |TAMS 0x00000000ff200000| PB 0x00000000ff100000| Untracked |  0
|2034|0x00000000ff200000, 0x00000000ff300000, 0x00000000ff300000|100%| O|  |TAMS 0x00000000ff300000| PB 0x00000000ff200000| Untracked |  0
|2035|0x00000000ff300000, 0x00000000ff400000, 0x00000000ff400000|100%| E|CS|TAMS 0x00000000ff300000| PB 0x00000000ff300000| Complete |  0
|2036|0x00000000ff400000, 0x00000000ff500000, 0x00000000ff500000|100%| O|  |TAMS 0x00000000ff500000| PB 0x00000000ff400000| Untracked |  0
|2037|0x00000000ff500000, 0x00000000ff600000, 0x00000000ff600000|100%| O|  |TAMS 0x00000000ff600000| PB 0x00000000ff500000| Untracked |  0
|2038|0x00000000ff600000, 0x00000000ff700000, 0x00000000ff700000|100%| O|  |TAMS 0x00000000ff700000| PB 0x00000000ff600000| Untracked |  0
|2039|0x00000000ff700000, 0x00000000ff800000, 0x00000000ff800000|100%| O|  |TAMS 0x00000000ff800000| PB 0x00000000ff700000| Untracked |  0
|2040|0x00000000ff800000, 0x00000000ff900000, 0x00000000ff900000|100%| E|CS|TAMS 0x00000000ff800000| PB 0x00000000ff800000| Complete |  0
|2041|0x00000000ff900000, 0x00000000ffa00000, 0x00000000ffa00000|100%| O|  |TAMS 0x00000000ffa00000| PB 0x00000000ff900000| Untracked |  0
|2042|0x00000000ffa00000, 0x00000000ffb00000, 0x00000000ffb00000|100%| E|CS|TAMS 0x00000000ffa00000| PB 0x00000000ffa00000| Complete |  0
|2043|0x00000000ffb00000, 0x00000000ffc00000, 0x00000000ffc00000|100%| E|CS|TAMS 0x00000000ffb00000| PB 0x00000000ffb00000| Complete |  0
|2044|0x00000000ffc00000, 0x00000000ffd00000, 0x00000000ffd00000|100%| E|CS|TAMS 0x00000000ffc00000| PB 0x00000000ffc00000| Complete |  0
|2045|0x00000000ffd00000, 0x00000000ffe00000, 0x00000000ffe00000|100%| O|  |TAMS 0x00000000ffe00000| PB 0x00000000ffd00000| Untracked |  0
|2046|0x00000000ffe00000, 0x00000000fff00000, 0x00000000fff00000|100%| O|  |TAMS 0x00000000fff00000| PB 0x00000000ffe00000| Untracked |  0
|2047|0x00000000fff00000, 0x0000000100000000, 0x0000000100000000|100%| E|CS|TAMS 0x00000000fff00000| PB 0x00000000fff00000| Complete |  0

Card table byte_map: [0x00000203cda80000,0x00000203cde80000] _byte_map_base: 0x00000203cd680000

Marking Bits: (CMBitMap*) 0x00000203b57e9230
 Bits: [0x00000203cde80000, 0x00000203cfe80000)

Polling page: 0x00000203b3520000

Metaspace:
Metaspace        used 83550K, committed 85824K, reserved 1179648K
 class space     used 12046K, committed 13120K, reserved 1048576K

Usage:
  Non-class:     69.83 MB used.
      Class:     11.76 MB used.
       Both:     81.59 MB used.

Virtual space:
  Non-class space:      128.00 MB reserved,      71.00 MB ( 55%) committed,  2 nodes.
      Class space:        1.00 GB reserved,      12.81 MB (  1%) committed,  1 nodes.
             Both:        1.12 GB reserved,      83.81 MB (  7%) committed. 

Chunk freelists:
   Non-Class:  8.17 MB
       Class:  3.23 MB
        Both:  11.40 MB

MaxMetaspaceSize: unlimited
CompressedClassSpaceSize: 1.00 GB
Initial GC threshold: 21.00 MB
Current GC threshold: 138.44 MB
CDS: on
 - commit_granule_bytes: 65536.
 - commit_granule_words: 8192.
 - virtual_space_node_default_size: 8388608.
 - enlarge_chunks_in_place: 1.
UseCompressedClassPointers 1, UseCompactObjectHeaders 0
Narrow klass pointer bits 32, Max shift 3
Narrow klass base: 0x0000000024000000, Narrow klass shift: 0
Encoding Range: [0x0000000024000000 - 0x0000000124000000), (4294967296 bytes)
Klass Range:    [0x0000000024010000 - 0x0000000065000000), (1090453504 bytes)
Klass ID Range:  [65536 - 1090519033) (1090453497)
Protection zone: [0x0000000024000000 - 0x0000000024010000), (65536 bytes)


Internal statistics:

num_allocs_failed_limit: 6.
num_arena_births: 4002.
num_arena_deaths: 0.
num_vsnodes_births: 3.
num_vsnodes_deaths: 0.
num_space_committed: 1341.
num_space_uncommitted: 0.
num_chunks_returned_to_freelist: 6.
num_chunks_taken_from_freelist: 7747.
num_chunk_merges: 6.
num_chunk_splits: 5037.
num_chunks_enlarged: 3161.
num_inconsistent_stats: 0.

CodeHeap 'non-profiled nmethods': size=120064Kb used=9555Kb max_used=9555Kb free=110508Kb
 bounds [0x00000203c5ad0000, 0x00000203c6430000, 0x00000203cd010000]
CodeHeap 'profiled nmethods': size=120000Kb used=23606Kb max_used=23606Kb free=96393Kb
 bounds [0x00000203be010000, 0x00000203bf720000, 0x00000203c5540000]
CodeHeap 'non-nmethods': size=5696Kb used=2044Kb max_used=2169Kb free=3651Kb
 bounds [0x00000203c5540000, 0x00000203c57b0000, 0x00000203c5ad0000]
CodeCache: size=245760Kb, used=35205Kb, max_used=35330Kb, free=210552Kb
 total_blobs=16465, nmethods=15585, adapters=778, full_count=0
Compilation: enabled, stopped_count=0, restarted_count=0

Compilation events (20 events):
Event: 286.348 Thread 0x00000203d258dbf0 18831       3       com.sun.tools.javac.comp.Attr$$Lambda/0x0000000025c60000::test (8 bytes)
Event: 286.348 Thread 0x00000203d258dbf0 nmethod 18831 0x00000203bf711408 code [0x00000203bf711500, 0x00000203bf711d70]
Event: 286.348 Thread 0x00000203d258dbf0 18832       3       com.sun.tools.javac.comp.Attr::lambda$handleSwitch$1 (23 bytes)
Event: 286.349 Thread 0x00000203d258dbf0 nmethod 18832 0x00000203bf711e08 code [0x00000203bf711f00, 0x00000203bf712620]
Event: 286.349 Thread 0x00000203d258dbf0 18833       3       com.sun.tools.javac.comp.Attr::caseLabelResultInfo (29 bytes)
Event: 286.349 Thread 0x00000203d258dbf0 nmethod 18833 0x00000203bf712688 code [0x00000203bf712780, 0x00000203bf712b98]
Event: 286.350 Thread 0x00000203d258dbf0 18834       3       com.sun.tools.javac.comp.Resolve$ReferenceLookupResult$$Lambda/0x0000000025c570e8::test (12 bytes)
Event: 286.350 Thread 0x00000203d258dbf0 nmethod 18834 0x00000203bf712c08 code [0x00000203bf712d00, 0x00000203bf713080]
Event: 286.350 Thread 0x00000203d258dbf0 18836       3       com.sun.tools.javac.comp.Attr::adjustMethodReturnType (149 bytes)
Event: 286.352 Thread 0x00000203d258dbf0 nmethod 18836 0x00000203bf713108 code [0x00000203bf713200, 0x00000203bf714bc0]
Event: 286.352 Thread 0x00000203d258dbf0 18835       3       com.sun.tools.javac.comp.Resolve$ReferenceLookupResult::lambda$staticKind$0 (24 bytes)
Event: 286.352 Thread 0x00000203d258dbf0 nmethod 18835 0x00000203bf714c08 code [0x00000203bf714d00, 0x00000203bf714f28]
Event: 286.365 Thread 0x00000203d258dbf0 18838       3       com.sun.tools.javac.comp.Attr$$Lambda/0x0000000025c3fcc8::test (16 bytes)
Event: 286.366 Thread 0x00000203d258dbf0 nmethod 18838 0x00000203bf714f88 code [0x00000203bf715080, 0x00000203bf715670]
Event: 286.366 Thread 0x00000203d258dbf0 18839       3       com.sun.tools.javac.comp.Attr::lambda$condType$0 (10 bytes)
Event: 286.366 Thread 0x00000203d258dbf0 nmethod 18839 0x00000203bf715688 code [0x00000203bf715780, 0x00000203bf715c20]
Event: 286.466 Thread 0x00000203d258dbf0 18842       3       com.sun.tools.javac.tree.TreeCopier::visitConditionalExpression (7 bytes)
Event: 286.468 Thread 0x00000203d258dbf0 nmethod 18842 0x00000203bf715c88 code [0x00000203bf715d80, 0x00000203bf715f40]
Event: 286.994 Thread 0x00000203d258dbf0 18843       3       com.sun.tools.javac.tree.TreeCopier::visitConditionalExpression (68 bytes)
Event: 286.994 Thread 0x00000203d7cc3c20 18840       4       com.sun.tools.javac.comp.Resolve$LookupFilter::test (9 bytes)

GC Heap Usage History (20 events):
Event: 25.866 {heap Before GC invocations=38 (full 0):
 garbage-first heap   total reserved 2097152K, committed 352256K, used 301283K [0x0000000080000000, 0x0000000100000000)
  region size 1024K, 156 young (159744K), 3 survivors (3072K)
}
Event: 25.873 {heap After GC invocations=39 (full 0):
 garbage-first heap   total reserved 2097152K, committed 352256K, used 144994K [0x0000000080000000, 0x0000000100000000)
  region size 1024K, 8 young (8192K), 8 survivors (8192K)
}
Event: 48.813 {heap Before GC invocations=39 (full 0):
 garbage-first heap   total reserved 2097152K, committed 352256K, used 242274K [0x0000000080000000, 0x0000000100000000)
  region size 1024K, 105 young (107520K), 8 survivors (8192K)
}
Event: 48.824 {heap After GC invocations=40 (full 0):
 garbage-first heap   total reserved 2097152K, committed 352256K, used 155622K [0x0000000080000000, 0x0000000100000000)
  region size 1024K, 19 young (19456K), 19 survivors (19456K)
}
Event: 50.488 {heap Before GC invocations=41 (full 0):
 garbage-first heap   total reserved 2097152K, committed 352256K, used 335846K [0x0000000080000000, 0x0000000100000000)
  region size 1024K, 179 young (183296K), 19 survivors (19456K)
}
Event: 50.520 {heap After GC invocations=42 (full 0):
 garbage-first heap   total reserved 2097152K, committed 397312K, used 208356K [0x0000000080000000, 0x0000000100000000)
  region size 1024K, 23 young (23552K), 23 survivors (23552K)
}
Event: 51.952 {heap Before GC invocations=42 (full 0):
 garbage-first heap   total reserved 2097152K, committed 397312K, used 345572K [0x0000000080000000, 0x0000000100000000)
  region size 1024K, 157 young (160768K), 23 survivors (23552K)
}
Event: 51.970 {heap After GC invocations=43 (full 0):
 garbage-first heap   total reserved 2097152K, committed 397312K, used 203474K [0x0000000080000000, 0x0000000100000000)
  region size 1024K, 8 young (8192K), 8 survivors (8192K)
}
Event: 63.472 {heap Before GC invocations=43 (full 0):
 garbage-first heap   total reserved 2097152K, committed 397312K, used 350930K [0x0000000080000000, 0x0000000100000000)
  region size 1024K, 152 young (155648K), 8 survivors (8192K)
}
Event: 63.480 {heap After GC invocations=44 (full 0):
 garbage-first heap   total reserved 2097152K, committed 397312K, used 204672K [0x0000000080000000, 0x0000000100000000)
  region size 1024K, 14 young (14336K), 14 survivors (14336K)
}
Event: 269.826 {heap Before GC invocations=45 (full 0):
 garbage-first heap   total reserved 2097152K, committed 397312K, used 363392K [0x0000000080000000, 0x0000000100000000)
  region size 1024K, 160 young (163840K), 14 survivors (14336K)
}
Event: 270.885 {heap After GC invocations=46 (full 0):
 garbage-first heap   total reserved 2097152K, committed 407552K, used 238304K [0x0000000080000000, 0x0000000100000000)
  region size 1024K, 20 young (20480K), 20 survivors (20480K)
}
Event: 283.649 {heap Before GC invocations=46 (full 0):
 garbage-first heap   total reserved 2097152K, committed 407552K, used 362208K [0x0000000080000000, 0x0000000100000000)
  region size 1024K, 137 young (140288K), 20 survivors (20480K)
}
Event: 284.626 {heap After GC invocations=47 (full 0):
 garbage-first heap   total reserved 2097152K, committed 413696K, used 220151K [0x0000000080000000, 0x0000000100000000)
  region size 1024K, 18 young (18432K), 18 survivors (18432K)
}
Event: 284.852 {heap Before GC invocations=47 (full 0):
 garbage-first heap   total reserved 2097152K, committed 413696K, used 222199K [0x0000000080000000, 0x0000000100000000)
  region size 1024K, 20 young (20480K), 18 survivors (18432K)
}
Event: 285.421 {heap After GC invocations=48 (full 0):
 garbage-first heap   total reserved 2097152K, committed 413696K, used 216409K [0x0000000080000000, 0x0000000100000000)
  region size 1024K, 3 young (3072K), 3 survivors (3072K)
}
Event: 285.829 {heap Before GC invocations=48 (full 0):
 garbage-first heap   total reserved 2097152K, committed 413696K, used 233817K [0x0000000080000000, 0x0000000100000000)
  region size 1024K, 20 young (20480K), 3 survivors (3072K)
}
Event: 285.903 {heap After GC invocations=49 (full 0):
 garbage-first heap   total reserved 2097152K, committed 413696K, used 212608K [0x0000000080000000, 0x0000000100000000)
  region size 1024K, 2 young (2048K), 2 survivors (2048K)
}
Event: 286.369 {heap Before GC invocations=49 (full 0):
 garbage-first heap   total reserved 2097152K, committed 413696K, used 285312K [0x0000000080000000, 0x0000000100000000)
  region size 1024K, 73 young (74752K), 2 survivors (2048K)
}
Event: 286.438 {heap After GC invocations=50 (full 0):
 garbage-first heap   total reserved 2097152K, committed 413696K, used 213972K [0x0000000080000000, 0x0000000100000000)
  region size 1024K, 4 young (4096K), 4 survivors (4096K)
}

Metaspace Usage History (20 events):
Event: 25.866 {metaspace Before GC invocations=38 (full 0):
 Metaspace       used 79565K, committed 81728K, reserved 1179648K
  class space    used 11718K, committed 12736K, reserved 1048576K
}
Event: 25.873 {metaspace After GC invocations=39 (full 0):
 Metaspace       used 79565K, committed 81728K, reserved 1179648K
  class space    used 11718K, committed 12736K, reserved 1048576K
}
Event: 48.813 {metaspace Before GC invocations=39 (full 0):
 Metaspace       used 82072K, committed 84288K, reserved 1179648K
  class space    used 11989K, committed 13056K, reserved 1048576K
}
Event: 48.824 {metaspace After GC invocations=40 (full 0):
 Metaspace       used 82072K, committed 84288K, reserved 1179648K
  class space    used 11989K, committed 13056K, reserved 1048576K
}
Event: 50.488 {metaspace Before GC invocations=41 (full 0):
 Metaspace       used 82180K, committed 84416K, reserved 1179648K
  class space    used 11989K, committed 13056K, reserved 1048576K
}
Event: 50.520 {metaspace After GC invocations=42 (full 0):
 Metaspace       used 82180K, committed 84416K, reserved 1179648K
  class space    used 11989K, committed 13056K, reserved 1048576K
}
Event: 51.952 {metaspace Before GC invocations=42 (full 0):
 Metaspace       used 82354K, committed 84544K, reserved 1179648K
  class space    used 11990K, committed 13056K, reserved 1048576K
}
Event: 51.970 {metaspace After GC invocations=43 (full 0):
 Metaspace       used 82354K, committed 84544K, reserved 1179648K
  class space    used 11990K, committed 13056K, reserved 1048576K
}
Event: 63.472 {metaspace Before GC invocations=43 (full 0):
 Metaspace       used 82816K, committed 85056K, reserved 1179648K
  class space    used 12035K, committed 13120K, reserved 1048576K
}
Event: 63.480 {metaspace After GC invocations=44 (full 0):
 Metaspace       used 82816K, committed 85056K, reserved 1179648K
  class space    used 12035K, committed 13120K, reserved 1048576K
}
Event: 269.826 {metaspace Before GC invocations=45 (full 0):
 Metaspace       used 83458K, committed 85696K, reserved 1179648K
  class space    used 12045K, committed 13120K, reserved 1048576K
}
Event: 270.885 {metaspace After GC invocations=46 (full 0):
 Metaspace       used 83458K, committed 85696K, reserved 1179648K
  class space    used 12045K, committed 13120K, reserved 1048576K
}
Event: 283.655 {metaspace Before GC invocations=46 (full 0):
 Metaspace       used 83496K, committed 85760K, reserved 1179648K
  class space    used 12045K, committed 13120K, reserved 1048576K
}
Event: 284.626 {metaspace After GC invocations=47 (full 0):
 Metaspace       used 83496K, committed 85760K, reserved 1179648K
  class space    used 12045K, committed 13120K, reserved 1048576K
}
Event: 284.852 {metaspace Before GC invocations=47 (full 0):
 Metaspace       used 83496K, committed 85760K, reserved 1179648K
  class space    used 12045K, committed 13120K, reserved 1048576K
}
Event: 285.421 {metaspace After GC invocations=48 (full 0):
 Metaspace       used 83496K, committed 85760K, reserved 1179648K
  class space    used 12045K, committed 13120K, reserved 1048576K
}
Event: 285.829 {metaspace Before GC invocations=48 (full 0):
 Metaspace       used 83511K, committed 85760K, reserved 1179648K
  class space    used 12046K, committed 13120K, reserved 1048576K
}
Event: 285.903 {metaspace After GC invocations=49 (full 0):
 Metaspace       used 83511K, committed 85760K, reserved 1179648K
  class space    used 12046K, committed 13120K, reserved 1048576K
}
Event: 286.369 {metaspace Before GC invocations=49 (full 0):
 Metaspace       used 83541K, committed 85760K, reserved 1179648K
  class space    used 12046K, committed 13120K, reserved 1048576K
}
Event: 286.438 {metaspace After GC invocations=50 (full 0):
 Metaspace       used 83541K, committed 85760K, reserved 1179648K
  class space    used 12046K, committed 13120K, reserved 1048576K
}

Dll operation events (14 events):
Event: 0.026 Loaded shared library C:\Program Files\Java\jdk-25.0.2\bin\java.dll
Event: 0.080 Loaded shared library C:\Program Files\Java\jdk-25.0.2\bin\zip.dll
Event: 0.085 Loaded shared library C:\Program Files\Java\jdk-25.0.2\bin\instrument.dll
Event: 0.089 Loaded shared library C:\Program Files\Java\jdk-25.0.2\bin\net.dll
Event: 0.095 Loaded shared library C:\Program Files\Java\jdk-25.0.2\bin\nio.dll
Event: 0.099 Loaded shared library C:\Program Files\Java\jdk-25.0.2\bin\zip.dll
Event: 0.279 Loaded shared library C:\Program Files\Java\jdk-25.0.2\bin\jimage.dll
Event: 0.503 Loaded shared library C:\Program Files\Java\jdk-25.0.2\bin\verify.dll
Event: 0.527 Loaded shared library C:\Users\me358\AppData\Local\Temp\cursor-sandbox-cache\72e63107af1cb1a1818f7e56a85a6570\gradle\native\660c5614fbf4a5f2a75b1949f50a0caf5cd603558e7d8a26e50b933a0cfb79d1\windows-amd64\native-platform.dll
Event: 0.552 Loaded shared library C:\Users\me358\AppData\Local\Temp\cursor-sandbox-cache\72e63107af1cb1a1818f7e56a85a6570\gradle\native\0.2.8\x86_64-windows-gnu\gradle-fileevents.dll
Event: 1.403 Loaded shared library C:\Program Files\Java\jdk-25.0.2\bin\management.dll
Event: 1.406 Loaded shared library C:\Program Files\Java\jdk-25.0.2\bin\management_ext.dll
Event: 1.521 Loaded shared library C:\Program Files\Java\jdk-25.0.2\bin\extnet.dll
Event: 1.945 Loaded shared library C:\Program Files\Java\jdk-25.0.2\bin\sunmscapi.dll

Deoptimization events (20 events):
Event: 285.782 Thread 0x00000203d9c66590 Uncommon trap: trap_request=0xffffff45 fr.pc=0x00000203c610ff7c relative=0x0000000000000dfc
Event: 285.782 Thread 0x00000203d9c66590 Uncommon trap: reason=unstable_if action=reinterpret pc=0x00000203c610ff7c method=com.sun.tools.javac.comp.Attr.checkEnumInitializer(Lcom/sun/tools/javac/tree/JCTree;Lcom/sun/tools/javac/comp/Env;Lcom/sun/tools/javac/code/Symbol$VarSymbol;)V @ 46 c2
Event: 285.782 Thread 0x00000203d9c66590 DEOPT PACKING pc=0x00000203c610ff7c sp=0x000000f7b9cf95c0
Event: 285.782 Thread 0x00000203d9c66590 DEOPT UNPACKING pc=0x00000203c565f902 sp=0x000000f7b9cf94f0 mode 2
Event: 285.782 Thread 0x00000203d9c66590 Uncommon trap: trap_request=0xffffff45 fr.pc=0x00000203c60cf14c relative=0x00000000000006cc
Event: 285.782 Thread 0x00000203d9c66590 Uncommon trap: reason=unstable_if action=reinterpret pc=0x00000203c60cf14c method=com.sun.tools.javac.comp.Attr.checkEnumInitializer(Lcom/sun/tools/javac/tree/JCTree;Lcom/sun/tools/javac/comp/Env;Lcom/sun/tools/javac/code/Symbol$VarSymbol;)V @ 46 c2
Event: 285.782 Thread 0x00000203d9c66590 DEOPT PACKING pc=0x00000203c60cf14c sp=0x000000f7b9cf9500
Event: 285.783 Thread 0x00000203d9c66590 DEOPT UNPACKING pc=0x00000203c565f902 sp=0x000000f7b9cf94e0 mode 2
Event: 285.788 Thread 0x00000203d9c66590 Uncommon trap: trap_request=0xffffff45 fr.pc=0x00000203c630ea4c relative=0x00000000000004cc
Event: 285.788 Thread 0x00000203d9c66590 Uncommon trap: reason=unstable_if action=reinterpret pc=0x00000203c630ea4c method=com.sun.tools.javac.tree.TreeInfo.tagToKind(Lcom/sun/tools/javac/tree/JCTree$Tag;)Lcom/sun/source/tree/Tree$Kind; @ 8 c2
Event: 285.788 Thread 0x00000203d9c66590 DEOPT PACKING pc=0x00000203c630ea4c sp=0x000000f7b9cf9510
Event: 285.788 Thread 0x00000203d9c66590 DEOPT UNPACKING pc=0x00000203c565f902 sp=0x000000f7b9cf94a0 mode 2
Event: 286.255 Thread 0x00000203d9c66590 Uncommon trap: trap_request=0xffffff5e fr.pc=0x00000203c62ee624 relative=0x0000000000002e24
Event: 286.255 Thread 0x00000203d9c66590 Uncommon trap: reason=speculate_class_check action=maybe_recompile pc=0x00000203c62ee624 method=com.sun.tools.javac.code.Type.getMetadata(Ljava/lang/Class;Ljava/util/function/Function;Ljava/lang/Object;)Ljava/lang/Object; @ 39 c2
Event: 286.255 Thread 0x00000203d9c66590 DEOPT PACKING pc=0x00000203c62ee624 sp=0x000000f7b9cf9160
Event: 286.255 Thread 0x00000203d9c66590 DEOPT UNPACKING pc=0x00000203c565f902 sp=0x000000f7b9cf9028 mode 2
Event: 286.484 Thread 0x00000203d9c66590 Uncommon trap: trap_request=0xffffff5e fr.pc=0x00000203c62ee624 relative=0x0000000000002e24
Event: 286.484 Thread 0x00000203d9c66590 Uncommon trap: reason=speculate_class_check action=maybe_recompile pc=0x00000203c62ee624 method=com.sun.tools.javac.code.Type.getMetadata(Ljava/lang/Class;Ljava/util/function/Function;Ljava/lang/Object;)Ljava/lang/Object; @ 39 c2
Event: 286.484 Thread 0x00000203d9c66590 DEOPT PACKING pc=0x00000203c62ee624 sp=0x000000f7b9cf92d0
Event: 286.994 Thread 0x00000203d9c66590 DEOPT UNPACKING pc=0x00000203c565f902 sp=0x000000f7b9cf9198 mode 2

Classes loaded (20 events):
Event: 26.697 Loading class java/lang/Throwable$PrintStreamOrWriter
Event: 26.698 Loading class java/lang/Throwable$PrintStreamOrWriter done
Event: 26.701 Loading class java/io/SerialCallbackContext
Event: 26.702 Loading class java/io/SerialCallbackContext done
Event: 26.702 Loading class java/util/AbstractList$ListItr
Event: 26.702 Loading class java/util/AbstractList$ListItr done
Event: 26.704 Loading class java/io/ObjectStreamClass$ExceptionInfo
Event: 26.704 Loading class java/io/ObjectStreamClass$ExceptionInfo done
Event: 26.708 Loading class java/io/NotSerializableException
Event: 26.708 Loading class java/io/NotSerializableException done
Event: 26.710 Loading class java/util/Collections$EmptyListIterator
Event: 26.710 Loading class java/util/Collections$EmptyListIterator done
Event: 26.762 Loading class java/net/UrlDeserializedState
Event: 26.762 Loading class java/net/UrlDeserializedState done
Event: 26.766 Loading class java/util/concurrent/CompletableFuture$AsyncRun
Event: 26.767 Loading class java/util/concurrent/CompletableFuture$AsyncRun done
Event: 42.829 Loading class jdk/internal/math/FormattedFPDecimal
Event: 42.829 Loading class jdk/internal/math/FormattedFPDecimal done
Event: 52.834 Loading class java/lang/invoke/MethodHandleImpl$CountingWrapper$1
Event: 52.836 Loading class java/lang/invoke/MethodHandleImpl$CountingWrapper$1 done

Classes unloaded (0 events):
No events

Classes redefined (0 events):
No events

Internal exceptions (20 events):
Event: 285.431 Thread 0x00000203d9c66590 Exception <a 'sun/nio/fs/WindowsException'{0x00000000fffebbd8}> (0x00000000fffebbd8) 
thrown [s\open\src\hotspot\share\prims\jni.cpp, line 516]
Event: 285.443 Thread 0x00000203d9c66590 Exception <a 'sun/nio/fs/WindowsException'{0x00000000ffc39b28}> (0x00000000ffc39b28) 
thrown [s\open\src\hotspot\share\prims\jni.cpp, line 516]
Event: 285.448 Thread 0x00000203d9c66590 Exception <a 'sun/nio/fs/WindowsException'{0x00000000ffc96778}> (0x00000000ffc96778) 
thrown [s\open\src\hotspot\share\prims\jni.cpp, line 516]
Event: 285.560 Thread 0x00000203d9c66590 Exception <a 'sun/nio/fs/WindowsException'{0x00000000fe194090}> (0x00000000fe194090) 
thrown [s\open\src\hotspot\share\prims\jni.cpp, line 516]
Event: 285.568 Thread 0x00000203d9c66590 Exception <a 'sun/nio/fs/WindowsException'{0x00000000fe1d6ea8}> (0x00000000fe1d6ea8) 
thrown [s\open\src\hotspot\share\prims\jni.cpp, line 516]
Event: 285.577 Thread 0x00000203d9c66590 Exception <a 'sun/nio/fs/WindowsException'{0x00000000fe0b8b80}> (0x00000000fe0b8b80) 
thrown [s\open\src\hotspot\share\prims\jni.cpp, line 516]
Event: 285.634 Thread 0x00000203d9c66590 Exception <a 'sun/nio/fs/WindowsException'{0x00000000fdd3b8e0}> (0x00000000fdd3b8e0) 
thrown [s\open\src\hotspot\share\prims\jni.cpp, line 516]
Event: 285.637 Thread 0x00000203d9c66590 Exception <a 'sun/nio/fs/WindowsException'{0x00000000fdd48790}> (0x00000000fdd48790) 
thrown [s\open\src\hotspot\share\prims\jni.cpp, line 516]
Event: 285.643 Thread 0x00000203d9c66590 Exception <a 'sun/nio/fs/WindowsException'{0x00000000fdd72aa0}> (0x00000000fdd72aa0) 
thrown [s\open\src\hotspot\share\prims\jni.cpp, line 516]
Event: 285.653 Thread 0x00000203d9c66590 Exception <a 'sun/nio/fs/WindowsException'{0x0000000095e17630}> (0x0000000095e17630) 
thrown [s\open\src\hotspot\share\prims\jni.cpp, line 516]
Event: 285.659 Thread 0x00000203d9c66590 Exception <a 'sun/nio/fs/WindowsException'{0x0000000095e54328}> (0x0000000095e54328) 
thrown [s\open\src\hotspot\share\prims\jni.cpp, line 516]
Event: 285.662 Thread 0x00000203d9c66590 Exception <a 'sun/nio/fs/WindowsException'{0x0000000095ea5f20}> (0x0000000095ea5f20) 
thrown [s\open\src\hotspot\share\prims\jni.cpp, line 516]
Event: 285.672 Thread 0x00000203d9c66590 Exception <a 'sun/nio/fs/WindowsException'{0x0000000095d425b0}> (0x0000000095d425b0) 
thrown [s\open\src\hotspot\share\prims\jni.cpp, line 516]
Event: 285.693 Thread 0x00000203d9c66590 Implicit null exception at 0x00000203c60e1cb3 to 0x00000203c60e1d04
Event: 285.693 Thread 0x00000203d9c66590 Implicit null exception at 0x00000203c624e74d to 0x00000203c624e8f0
Event: 285.714 Thread 0x00000203d9c66590 Implicit null exception at 0x00000203c5ca2e1a to 0x00000203c5ca2e63
Event: 285.792 Thread 0x00000203d9c66590 Exception <a 'sun/nio/fs/WindowsException'{0x0000000095a72588}> (0x0000000095a72588) 
thrown [s\open\src\hotspot\share\prims\jni.cpp, line 516]
Event: 286.076 Thread 0x00000203d9c66590 Exception <a 'sun/nio/fs/WindowsException'{0x00000000fe46c648}> (0x00000000fe46c648) 
thrown [s\open\src\hotspot\share\prims\jni.cpp, line 516]
Event: 286.217 Thread 0x00000203d9c66590 Exception <a 'sun/nio/fs/WindowsException'{0x0000000094debb00}> (0x0000000094debb00) 
thrown [s\open\src\hotspot\share\prims\jni.cpp, line 516]
Event: 286.241 Thread 0x00000203d9c66590 Exception <a 'sun/nio/fs/WindowsException'{0x0000000094933178}> (0x0000000094933178) 
thrown [s\open\src\hotspot\share\prims\jni.cpp, line 516]

VM Operations (20 events):
Event: 120.236 Executing non-safepoint VM operation: RendezvousGCThreads
Event: 120.236 Executing non-safepoint VM operation: RendezvousGCThreads done
Event: 180.331 Executing non-safepoint VM operation: HandshakeAllThreads (HandshakeForDeflation)
Event: 180.334 Executing non-safepoint VM operation: HandshakeAllThreads (HandshakeForDeflation) done
Event: 180.334 Executing non-safepoint VM operation: RendezvousGCThreads
Event: 180.335 Executing non-safepoint VM operation: RendezvousGCThreads done
Event: 240.480 Executing non-safepoint VM operation: HandshakeAllThreads (HandshakeForDeflation)
Event: 240.484 Executing non-safepoint VM operation: HandshakeAllThreads (HandshakeForDeflation) done
Event: 240.484 Executing non-safepoint VM operation: RendezvousGCThreads
Event: 240.485 Executing non-safepoint VM operation: RendezvousGCThreads done
Event: 269.809 Executing safepoint VM operation: G1CollectForAllocation (G1 Evacuation Pause)
Event: 270.885 Executing safepoint VM operation: G1CollectForAllocation (G1 Evacuation Pause) done
Event: 283.646 Executing safepoint VM operation: G1CollectForAllocation (G1 Evacuation Pause)
Event: 284.626 Executing safepoint VM operation: G1CollectForAllocation (G1 Evacuation Pause) done
Event: 284.852 Executing safepoint VM operation: G1CollectForAllocation (G1 Evacuation Pause)
Event: 285.421 Executing safepoint VM operation: G1CollectForAllocation (G1 Evacuation Pause) done
Event: 285.829 Executing safepoint VM operation: G1CollectForAllocation (G1 Evacuation Pause)
Event: 285.903 Executing safepoint VM operation: G1CollectForAllocation (G1 Evacuation Pause) done
Event: 286.369 Executing safepoint VM operation: G1CollectForAllocation (G1 Evacuation Pause)
Event: 286.438 Executing safepoint VM operation: G1CollectForAllocation (G1 Evacuation Pause) done

Memory protections (0 events):
No events

Nmethod flushes (20 events):
Event: 63.538 Thread 0x00000203d253da30 flushing  nmethod 0x00000203bed7cd88
Event: 63.538 Thread 0x00000203d253da30 flushing  nmethod 0x00000203bed7d208
Event: 63.538 Thread 0x00000203d253da30 flushing  nmethod 0x00000203bed7e388
Event: 63.538 Thread 0x00000203d253da30 flushing  nmethod 0x00000203bed7eb88
Event: 63.538 Thread 0x00000203d253da30 flushing  nmethod 0x00000203bed81008
Event: 63.538 Thread 0x00000203d253da30 flushing  nmethod 0x00000203bed82208
Event: 63.538 Thread 0x00000203d253da30 flushing  nmethod 0x00000203bed82808
Event: 63.538 Thread 0x00000203d253da30 flushing  nmethod 0x00000203bed82b08
Event: 63.538 Thread 0x00000203d253da30 flushing  nmethod 0x00000203bed82e08
Event: 63.538 Thread 0x00000203d253da30 flushing  nmethod 0x00000203bed84988
Event: 63.538 Thread 0x00000203d253da30 flushing  nmethod 0x00000203bed86108
Event: 63.538 Thread 0x00000203d253da30 flushing  nmethod 0x00000203bed86408
Event: 63.538 Thread 0x00000203d253da30 flushing  nmethod 0x00000203bee07e08
Event: 63.538 Thread 0x00000203d253da30 flushing  nmethod 0x00000203bee08108
Event: 63.538 Thread 0x00000203d253da30 flushing  nmethod 0x00000203bee40f08
Event: 63.538 Thread 0x00000203d253da30 flushing  nmethod 0x00000203beeb6d08
Event: 63.538 Thread 0x00000203d253da30 flushing  nmethod 0x00000203bef42308
Event: 63.538 Thread 0x00000203d253da30 flushing  nmethod 0x00000203bf0b5a88
Event: 63.538 Thread 0x00000203d253da30 flushing  nmethod 0x00000203bf208988
Event: 63.538 Thread 0x00000203d253da30 flushing  nmethod 0x00000203bf4f4908

Events (20 events):
Event: 260.408 Thread 0x00000203da2eddb0 Thread added: 0x00000203d9150430
Event: 260.409 Thread 0x00000203da2ec640 Thread added: 0x00000203d9152b40
Event: 260.409 Thread 0x00000203d9150c00 Thread added: 0x00000203d9152370
Event: 260.409 Thread 0x00000203da2ece10 Thread added: 0x00000203d9c62ee0
Event: 260.410 Thread 0x00000203d9151ba0 Thread added: 0x00000203d9c60000
Event: 262.859 Thread 0x00000203db8b5530 Thread added: 0x00000203d9c64650
Event: 262.864 Thread 0x00000203d9c64650 Thread added: 0x00000203d9c655f0
Event: 262.864 Thread 0x00000203d9c64650 Thread added: 0x00000203d9c66590
Event: 262.865 Thread 0x00000203d9c64650 Thread added: 0x00000203db331ac0
Event: 262.866 Thread 0x00000203d9c64650 Thread added: 0x00000203db330350
Event: 262.867 Thread 0x00000203d9c64650 Thread added: 0x00000203db332a60
Event: 262.869 Thread 0x00000203d9c64650 Thread added: 0x00000203db333230
Event: 262.871 Thread 0x00000203d9c64650 Thread added: 0x00000203d9f482d0
Event: 262.872 Thread 0x00000203d9c64650 Thread added: 0x00000203d9f47b00
Event: 262.872 Thread 0x00000203d9c64650 Thread added: 0x00000203da54be70
Event: 262.876 Thread 0x00000203d9c64650 Thread added: 0x00000203da54c640
Event: 262.876 Thread 0x00000203d9c64650 Thread added: 0x00000203dbd4d8b0
Event: 262.897 Thread 0x00000203d9c66590 Thread added: 0x00000203dc4ec4f0
Event: 285.461 Thread 0x00000203d258b3d0 Thread added: 0x00000203dc6e1d90
Event: 286.994 Thread 0x00000203d258dbf0 Thread added: 0x00000203d7cc3c20


Dynamic libraries:
0x00007ff664c50000 - 0x00007ff664c60000 	C:\Program Files\Java\jdk-25.0.2\bin\java.exe
0x00007ffa39b60000 - 0x00007ffa39dc6000 	C:\WINDOWS\SYSTEM32\ntdll.dll
0x00007ffa385d0000 - 0x00007ffa38699000 	C:\WINDOWS\System32\KERNEL32.DLL
0x00007ffa37180000 - 0x00007ffa3757a000 	C:\WINDOWS\System32\KERNELBASE.dll
0x00007ffa37580000 - 0x00007ffa376cc000 	C:\WINDOWS\System32\ucrtbase.dll
0x00007ffa03f30000 - 0x00007ffa03f47000 	C:\Program Files\Java\jdk-25.0.2\bin\jli.dll
0x00007ffa03f50000 - 0x00007ffa03f6e000 	C:\Program Files\Java\jdk-25.0.2\bin\VCRUNTIME140.dll
0x00007ffa393d0000 - 0x00007ffa39597000 	C:\WINDOWS\System32\USER32.dll
0x00007ffa0d7d0000 - 0x00007ffa0da62000 	C:\WINDOWS\WinSxS\amd64_microsoft.windows.common-controls_6595b64144ccf1df_6.0.26100.8521_none_3e08b75ce33403b3\COMCTL32.dll
0x00007ffa37020000 - 0x00007ffa37047000 	C:\WINDOWS\System32\win32u.dll
0x00007ffa379c0000 - 0x00007ffa37a69000 	C:\WINDOWS\System32\msvcrt.dll
0x00007ffa37910000 - 0x00007ffa3793b000 	C:\WINDOWS\System32\GDI32.dll
0x00007ffa37050000 - 0x00007ffa3717b000 	C:\WINDOWS\System32\gdi32full.dll
0x00007ffa376d0000 - 0x00007ffa37773000 	C:\WINDOWS\System32\msvcp_win.dll
0x00007ffa378d0000 - 0x00007ffa37902000 	C:\WINDOWS\System32\IMM32.DLL
0x00007ffa104f0000 - 0x00007ffa104fc000 	C:\Program Files\Java\jdk-25.0.2\bin\vcruntime140_1.dll
0x00007ff9c0cd0000 - 0x00007ff9c0d5d000 	C:\Program Files\Java\jdk-25.0.2\bin\msvcp140.dll
0x00007ff949820000 - 0x00007ff94a67f000 	C:\Program Files\Java\jdk-25.0.2\bin\server\jvm.dll
0x00007ffa38270000 - 0x00007ffa38326000 	C:\WINDOWS\System32\ADVAPI32.dll
0x00007ffa38330000 - 0x00007ffa383da000 	C:\WINDOWS\System32\sechost.dll
0x00007ffa38140000 - 0x00007ffa38258000 	C:\WINDOWS\System32\RPCRT4.dll
0x00007ffa37b30000 - 0x00007ffa37bb0000 	C:\WINDOWS\System32\WS2_32.dll
0x00007ffa36c50000 - 0x00007ffa36cae000 	C:\WINDOWS\SYSTEM32\POWRPROF.dll
0x00007ffa30c20000 - 0x00007ffa30c2b000 	C:\WINDOWS\SYSTEM32\VERSION.dll
0x00007ffa30530000 - 0x00007ffa30566000 	C:\WINDOWS\SYSTEM32\WINMM.dll
0x00007ffa36c30000 - 0x00007ffa36c44000 	C:\WINDOWS\SYSTEM32\UMPDC.dll
0x00007ffa35b40000 - 0x00007ffa35b5b000 	C:\WINDOWS\SYSTEM32\kernel.appcore.dll
0x00007ffa09980000 - 0x00007ffa0998a000 	C:\Program Files\Java\jdk-25.0.2\bin\jimage.dll
0x00007ffa28600000 - 0x00007ffa28842000 	C:\WINDOWS\SYSTEM32\DBGHELP.DLL
0x00007ffa39790000 - 0x00007ffa39b13000 	C:\WINDOWS\System32\combase.dll
0x00007ffa37d90000 - 0x00007ffa37e69000 	C:\WINDOWS\System32\OLEAUT32.dll
0x00007ffa285c0000 - 0x00007ffa285fb000 	C:\WINDOWS\SYSTEM32\dbgcore.DLL
0x00007ffa36df0000 - 0x00007ffa36e98000 	C:\WINDOWS\System32\bcryptPrimitives.dll
0x00007ffa03fe0000 - 0x00007ffa03ff0000 	C:\Program Files\Java\jdk-25.0.2\bin\instrument.dll
0x00007ffa03e90000 - 0x00007ffa03eaf000 	C:\Program Files\Java\jdk-25.0.2\bin\java.dll
0x00007ffa37bc0000 - 0x00007ffa37d58000 	C:\WINDOWS\System32\ole32.dll
0x00007ffa386a0000 - 0x00007ffa38e24000 	C:\WINDOWS\System32\SHELL32.dll
0x00007ffa349a0000 - 0x00007ffa35220000 	C:\WINDOWS\SYSTEM32\windows.storage.dll
0x00007ffa384d0000 - 0x00007ffa385c6000 	C:\WINDOWS\System32\SHCORE.dll
0x00007ffa392c0000 - 0x00007ffa39327000 	C:\WINDOWS\System32\shlwapi.dll
0x00007ffa36d10000 - 0x00007ffa36d39000 	C:\WINDOWS\SYSTEM32\profapi.dll
0x00007ff9fa470000 - 0x00007ff9fa487000 	C:\Program Files\Java\jdk-25.0.2\bin\zip.dll
0x00007ffa03e70000 - 0x00007ffa03e82000 	C:\Program Files\Java\jdk-25.0.2\bin\net.dll
0x00007ffa36090000 - 0x00007ffa360fc000 	C:\WINDOWS\system32\mswsock.dll
0x00007ffa03e50000 - 0x00007ffa03e66000 	C:\Program Files\Java\jdk-25.0.2\bin\nio.dll
0x00007ffa053b0000 - 0x00007ffa053c0000 	C:\Program Files\Java\jdk-25.0.2\bin\verify.dll
0x00007ff9c1490000 - 0x00007ff9c14b7000 	C:\Users\me358\AppData\Local\Temp\cursor-sandbox-cache\72e63107af1cb1a1818f7e56a85a6570\gradle\native\660c5614fbf4a5f2a75b1949f50a0caf5cd603558e7d8a26e50b933a0cfb79d1\windows-amd64\native-platform.dll
0x00007ff99fe90000 - 0x00007ff99ff07000 	C:\Users\me358\AppData\Local\Temp\cursor-sandbox-cache\72e63107af1cb1a1818f7e56a85a6570\gradle\native\0.2.8\x86_64-windows-gnu\gradle-fileevents.dll
0x00007ffa05730000 - 0x00007ffa0573a000 	C:\Program Files\Java\jdk-25.0.2\bin\management.dll
0x00007ffa05470000 - 0x00007ffa0547c000 	C:\Program Files\Java\jdk-25.0.2\bin\management_ext.dll
0x00007ffa39780000 - 0x00007ffa39788000 	C:\WINDOWS\System32\PSAPI.DLL
0x00007ffa35530000 - 0x00007ffa35563000 	C:\WINDOWS\SYSTEM32\IPHLPAPI.DLL
0x00007ffa38260000 - 0x00007ffa3826a000 	C:\WINDOWS\System32\NSI.dll
0x00007ffa03fd0000 - 0x00007ffa03fd9000 	C:\Program Files\Java\jdk-25.0.2\bin\extnet.dll
0x00007ffa36490000 - 0x00007ffa364ab000 	C:\WINDOWS\SYSTEM32\CRYPTSP.dll
0x00007ffa35aa0000 - 0x00007ffa35ad9000 	C:\WINDOWS\system32\rsaenh.dll
0x00007ffa36140000 - 0x00007ffa36173000 	C:\WINDOWS\SYSTEM32\USERENV.dll
0x00007ffa36ce0000 - 0x00007ffa36d0a000 	C:\WINDOWS\SYSTEM32\bcrypt.dll
0x00007ffa362f0000 - 0x00007ffa362fc000 	C:\WINDOWS\SYSTEM32\CRYPTBASE.dll
0x00007ffa05230000 - 0x00007ffa0523e000 	C:\Program Files\Java\jdk-25.0.2\bin\sunmscapi.dll
0x00007ffa36ea0000 - 0x00007ffa37018000 	C:\WINDOWS\System32\CRYPT32.dll
0x00007ffa365f0000 - 0x00007ffa36620000 	C:\WINDOWS\SYSTEM32\ncrypt.dll
0x00007ffa365a0000 - 0x00007ffa365df000 	C:\WINDOWS\SYSTEM32\NTASN1.dll
0x00007ffa05d00000 - 0x00007ffa05d08000 	C:\WINDOWS\system32\wshunix.dll

JVMTI agents:
C:\Users\me358\AppData\Local\Temp\cursor-sandbox-cache\72e63107af1cb1a1818f7e56a85a6570\gradle\wrapper\dists\gradle-9.4.1-bin\arn2x92ynaizyzdaamcbpbhtj\gradle-9.4.1\lib\agents\gradle-instrumentation-agent-9.4.1.jar path:C:\Program Files\Java\jdk-25.0.2\bin\instrument.dll, loaded, initialized, instrumentlib options:none

dbghelp: loaded successfully - version: 4.0.5 - missing functions: none
symbol engine: initialized successfully - sym options: 0x614 - pdb path: .;C:\Program Files\Java\jdk-25.0.2\bin;C:\WINDOWS\SYSTEM32;C:\WINDOWS\WinSxS\amd64_microsoft.windows.common-controls_6595b64144ccf1df_6.0.26100.8521_none_3e08b75ce33403b3;C:\Program Files\Java\jdk-25.0.2\bin\server;C:\Users\me358\AppData\Local\Temp\cursor-sandbox-cache\72e63107af1cb1a1818f7e56a85a6570\gradle\native\660c5614fbf4a5f2a75b1949f50a0caf5cd603558e7d8a26e50b933a0cfb79d1\windows-amd64;C:\Users\me358\AppData\Local\Temp\cursor-sandbox-cache\72e63107af1cb1a1818f7e56a85a6570\gradle\native\0.2.8\x86_64-windows-gnu

VM Arguments:
jvm_args: --add-opens=java.base/java.lang=ALL-UNNAMED --add-opens=java.base/java.lang.invoke=ALL-UNNAMED --add-opens=java.base/java.util=ALL-UNNAMED --add-opens=java.prefs/java.util.prefs=ALL-UNNAMED --add-exports=jdk.compiler/com.sun.tools.javac.api=ALL-UNNAMED --add-exports=jdk.compiler/com.sun.tools.javac.util=ALL-UNNAMED --add-opens=java.base/java.util=ALL-UNNAMED --add-opens=java.prefs/java.util.prefs=ALL-UNNAMED --add-opens=java.base/java.nio.charset=ALL-UNNAMED --add-opens=java.base/java.net=ALL-UNNAMED --add-opens=java.base/java.util.concurrent=ALL-UNNAMED --add-opens=java.base/java.util.concurrent.atomic=ALL-UNNAMED --add-opens=java.xml/javax.xml.namespace=ALL-UNNAMED --add-opens=java.base/java.time=ALL-UNNAMED --enable-native-access=ALL-UNNAMED -Xmx2G -Dfile.encoding=UTF-8 -Duser.country=TR -Duser.language=tr -Duser.variant -javaagent:C:\Users\me358\AppData\Local\Temp\cursor-sandbox-cache\72e63107af1cb1a1818f7e56a85a6570\gradle\wrapper\dists\gradle-9.4.1-bin\arn2x92ynaizyzdaamcbpbhtj\gradle-9.4.1\lib\agents\gradle-instrumentation-agent-9.4.1.jar 
java_command: org.gradle.launcher.daemon.bootstrap.GradleDaemon 9.4.1
java_class_path (initial): C:\Users\me358\AppData\Local\Temp\cursor-sandbox-cache\72e63107af1cb1a1818f7e56a85a6570\gradle\wrapper\dists\gradle-9.4.1-bin\arn2x92ynaizyzdaamcbpbhtj\gradle-9.4.1\lib\gradle-daemon-main-9.4.1.jar
Launcher Type: SUN_STANDARD

[Global flags]
     intx CICompilerCount                          = 4                                         {product} {ergonomic}
     uint ConcGCThreads                            = 3                                         {product} {ergonomic}
     uint G1ConcRefinementThreads                  = 10                                        {product} {ergonomic}
   size_t G1HeapRegionSize                         = 1048576                                   {product} {ergonomic}
   size_t InitialHeapSize                          = 134217728                                 {product} {ergonomic}
   size_t MarkStackSize                            = 4194304                                   {product} {ergonomic}
   size_t MarkStackSizeMax                         = 536870912                                 {product} {ergonomic}
   size_t MaxHeapSize                              = 2147483648                                {product} {command line}
   size_t MaxNewSize                               = 1287651328                                {product} {ergonomic}
   size_t MinHeapDeltaBytes                        = 1048576                                   {product} {ergonomic}
   size_t MinHeapSize                              = 8388608                                   {product} {ergonomic}
    uintx NonNMethodCodeHeapSize                   = 5832704                                {pd product} {ergonomic}
    uintx NonProfiledCodeHeapSize                  = 122945536                              {pd product} {ergonomic}
    uintx ProfiledCodeHeapSize                     = 122880000                              {pd product} {ergonomic}
    uintx ReservedCodeCacheSize                    = 251658240                              {pd product} {ergonomic}
     bool SegmentedCodeCache                       = true                                      {product} {ergonomic}
   size_t SoftMaxHeapSize                          = 2147483648                             {manageable} {ergonomic}
     bool UseCompressedOops                        = true                           {product lp64_product} {ergonomic}
     bool UseG1GC                                  = true                                      {product} {ergonomic}
     bool UseLargePagesIndividualAllocation        = false                                  {pd product} {ergonomic}

Logging:
Log output configuration:
 #0: stdout all=warning uptime,level,tags foldmultilines=false
 #1: stderr all=off uptime,level,tags foldmultilines=false

Release file:
IMPLEMENTOR="Oracle Corporation" 
JAVA_RUNTIME_VERSION="25.0.2+10-LTS-69" 
JAVA_VERSION="25.0.2" 
JAVA_VERSION_DATE="2026-01-20" 
LIBC="default" 
MODULES="java.base java.compiler java.datatransfer java.xml java.prefs java.desktop java.instrument java.logging java.management java.security.sasl java.naming java.rmi java.management.rmi java.net.http java.scripting java.security.jgss java.transaction.xa java.sql java.sql.rowset java.xml.crypto java.se java.smartcardio jdk.accessibility jdk.internal.jvmstat jdk.attach jdk.charsets jdk.internal.opt jdk.zipfs jdk.compiler jdk.crypto.cryptoki jdk.crypto.ec jdk.crypto.mscapi jdk.dynalink jdk.internal.ed jdk.editpad jdk.internal.vm.ci jdk.graal.compiler jdk.graal.compiler.management jdk.hotspot.agent jdk.httpserver jdk.incubator.vector jdk.internal.le jdk.internal.md jdk.jartool jdk.javadoc jdk.jcmd jdk.management jdk.management.agent jdk.jconsole jdk.jdeps jdk.jdwp.agent jdk.jdi jdk.jfr jdk.jlink jdk.jpackage jdk.jshell jdk.jsobject jdk.jstatd jdk.localedata jdk.management.jfr jdk.naming.dns jdk.naming.rmi jdk.net jdk.nio.mapmode jdk.sctp jdk.security.auth jdk.security.jgss jdk.unsupported jdk.unsupported.desktop jdk.xml.dom" 
OS_ARCH="x86_64" 
OS_NAME="Windows" 
SOURCE=".:git:b75efb40c93a open:git:405a5699ebd0" 

Environment Variables:
PATH=C:\Program Files\PowerShell\7;c:\Users\me358\AppData\Local\Programs\cursor\resources\app\resources\helpers;C:\Program Files\Common Files\Oracle\Java\javapath;C:\Program Files (x86)\oh-my-posh\bin\;C:\WINDOWS\system32;C:\WINDOWS;C:\WINDOWS\System32\Wbem;C:\WINDOWS\System32\WindowsPowerShell\v1.0\;C:\WINDOWS\System32\OpenSSH\;C:\Program Files (x86)\NVIDIA Corporation\PhysX\Common;C:\ProgramData\chocolatey\bin;C:\Program Files\Git\cmd;c:\Users\me358\AppData\Local\Programs\cursor\resources\app\bin;C:\Program Files\CursorModifier;C:\Program Files\Microsoft SQL Server\150\Tools\Binn\;C:\Program Files\Cloudflare\Cloudflare WARP\;C:\Program Files\Go\bin;C:\Program Files\dotnet\;C:\Program Files (x86)\cloudflared\;C:\Program Files\PuTTY\;C:\Program Files\Java\jdk-16.0.2\bin;C:\Users\me358\OneDrive\Masaüstü\Tor Browser\Browser\TorBrowser\Tor;C:\Program Files\PowerShell\7\;C:\WINDOWS\system32;C:\WINDOWS;C:\WINDOWS\System32\Wbem;C:\WINDOWS\System32\WindowsPowerShell\v1.0\;C:\WINDOWS\System32\OpenSSH\;C:\Program Files\nodejs\;C:\Program Files\Amazon\AWSCLIV2\;C:\Users\me358\AppData\Local\Programs\Python\Python310\Scripts\;C:\Users\me358\AppData\Local\Programs\Python\Python310\;C:\Users\me358\.cargo\bin;C:\Users\me358\AppData\Local\pnpm;C:\Users\me358\AppData\Local\Programs\Python\Python313\Scripts\;C:\Users\me358\AppData\Local\Programs\Python\Python313\;C:\Program Files\Elixir\bin;C:\Program Files\Erlang OTP\bin;C:\Users\me358\AppData\Local\Microsoft\WindowsApps;C:\Users\me358\AppData\Local\Programs\Fiddler;C:\Program Files (x86)\Nmap;C:\cloudflared;C:\Users\me358\go\bin;C:\Users\me358\AppData\Local\Programs\Ollama;C:\Users\me358\.dotnet\tools;C:\Users\me358\AppData\Local\bin\NASM;C:\Program Files\qemu;C:\Users\me358\.fly\bin;C:\Users\me358\AppData\Local\spicetify;C:\Users\me358\AppData\Local\Programs\Windsurf\bin;C:\Users\me358\OneDrive\Masaüstü\Tor Browser\Browser\TorBrowser\Tor;C:\sdelete;;C:\Users\me358\AppData\Local\Microsoft\WindowsApps;C:\Users\me358\AppData\Roaming\npm;C:\Users\me358\AppData\Local\Programs\Microsoft VS Code Insiders\bin;C:\Users\me358\AppData\Local\Programs\cursor\resources\app\bin
USERNAME=me358
TERM=dumb
OS=Windows_NT
PROCESSOR_IDENTIFIER=AMD64 Family 25 Model 33 Stepping 2, AuthenticAMD
TMP=C:\Users\me358\AppData\Local\Temp
TEMP=C:\Users\me358\AppData\Local\Temp




Compilation memory statistics disabled.

Periodic native trim disabled

---------------  S Y S T E M  ---------------

OS:
 Windows 11 , 64 bit Build 26100 (10.0.26100.8521)
OS uptime: 2 days 7:51 hours
Hyper-V role detected

CPU: total 12 (initial active 12) (12 cores per cpu, 2 threads per core) family 25 model 33 stepping 2 microcode 0xa201213, cx8, cmov, fxsr, ht, mmx, 3dnowpref, sse, sse2, sse3, ssse3, sse4a, sse4.1, sse4.2, popcnt, lzcnt, tsc, tscinvbit, avx, avx2, aes, erms, clmul, bmi1, bmi2, adx, sha, fma, vzeroupper, clflush, clflushopt, clwb, hv, rdtscp, rdpid, fsrm, f16c, cet_ss
Processor Information for the first 12 processors :
  Max Mhz: 3501, Current Mhz: 3501, Mhz Limit: 3501

Memory: 4k page, system-wide physical 8102M (682M free)
TotalPageFile size 32678M (AvailPageFile size 74M)
current process WorkingSet (physical memory assigned to process): 501M, peak: 620M
current process commit charge ("private bytes"): 743M, peak: 755M

vm_info: Java HotSpot(TM) 64-Bit Server VM (25.0.2+10-LTS-69) for windows-amd64 JRE (25.0.2+10-LTS-69), built on 2025-12-18T11:36:35Z with MS VC++ 17.13 (VS2022)

END.
